[
  {
    "token_symbol": "TRUMP",
    "token_address": "CyokhyguqgUkZeD7WQmobdAWakeRscha3ST2rsBGURf",
    "entry_price": 3.7894820401160315e-08,
    "amount": 659720.7675177297,
    "entry_time": 416028.396293791,
    "entry_tx": "Lm5nfEDu9UEdpdGBjV7yHXTcxQHtHbm7r7FEoFM7hmYz44PHeQH6w4L8G7SpccrJEz6VL58C5hcXsMnzvCRUfLB",
    "timestamp": "2025-05-10T08:40:49.078577"
  },
  {
    "token_symbol": "Ollie",
    "token_address": "eFcfX2xbXaK2uLyR1dA9hx7tRtmECsKhUmKHwdppump",
    "entry_price": 4.020686651244219e-08,
    "amount": 621784.3410469115,
    "entry_time": 416109.5898735,
    "entry_tx": "62amFQ5TNTdJarcXP11VuuvNeJkgZYPWqH7yUKaX4J5e1CCJz9avSMGR4d6KbxHvMQHEGCmTvym1SugTapnCtzP2",
    "timestamp": "2025-05-10T08:42:10.273012"
  },
  {
    "token_symbol": "Italianart",
    "token_address": "3N2NLzSkQNhynAyVXQXMyg4dhtxmtV9MKaLikE8kpump",
    "entry_price": 4.2962301705643115e-08,
    "amount": 581905.5080262667,
    "entry_time": 416228.41997925,
    "entry_tx": "akKkTuDoW8HvrVNf44bCRX71Db8NwETB9WLhJLX3znKJkSQr17eRAmZedQBhRwH4YihUE2ZbvHq5WeYdijJvc28",
    "timestamp": "2025-05-10T08:44:09.104756"
  },
  {
    "token_symbol": "lookedcoin",
    "token_address": "5gfsQ5CBjrUN4W9itbRpGz81Un6BQowhyPnusftspump",
    "entry_price": 5.692512331611367e-08,
    "amount": 439173.4008404565,
    "entry_time": 416244.114521875,
    "entry_tx": "3WZx8i1NpB1xQJvAvLUASMakzM6PgFm5eFGDgZbYeUXDvgJqTYX85vmRQFkTMF9kPwXr1CwE81SvG4ZnJuaXZLiB",
    "timestamp": "2025-05-10T08:44:24.799134"
  },
  {
    "token_symbol": "mid",
    "token_address": "7zND9fQQZ73p91THu46Fpao8zvSedZMJAoBJ4DEQpump",
    "entry_price": 3.736560210486184e-08,
    "amount": 669064.5564827421,
    "entry_time": 416532.541652208,
    "entry_tx": "3GbAF3PBzTxesTMutB5o3jxQgBB82FLtPUwM6o4L72Fitj4VuuT46LL4ZSht6ChbeVXjqh1afuvPp6Hkkyoc6tjT",
    "timestamp": "2025-05-10T08:49:13.181627"
  },
  {
    "token_symbol": "MCASH",
    "token_address": "F1uDWU5JNuBYf6NUMHqvQrVKKe9XDAvSTbGMKRWnpump",
    "entry_price": 1.0297816814617861e-07,
    "amount": 242769.9040491013,
    "entry_time": 416667.105114333,
    "entry_tx": "2YNzJ1f4rmjq9XbbRnGXoak2PCnnZrbVwTWH7qeNtfj3un975zXSRAJs1b43MkdS1YRtCpd8CqvKcQJfjRYT8SiY",
    "timestamp": "2025-05-10T08:51:27.745249"
  },
  {
    "token_symbol": "DROUGHT",
    "token_address": "FgyjGsHCq1zUgQWC2umZM4YMfWx2xoJmHfhsgGPNpump",
    "entry_price": 3.698075660444912e-08,
    "amount": 676027.2718971974,
    "entry_time": 416867.551932041,
    "entry_tx": "3dK3M6F9jquWyGVBgufWUSDYvJXyZhaWLrsrB2HUVPMQyTBFTKx4pmCQ7MyxofFJdGzvoLaDFG1ze3BTViRdH8PL",
    "timestamp": "2025-05-10T08:54:48.192523"
  },
  {
    "token_symbol": "Lamine",
    "token_address": "76RxoYeQwuwPpM9WhTWbrNss5SFeLxYRnQASUDspump",
    "entry_price": 4.053529936164881e-08,
    "amount": 616746.4011294057,
    "entry_time": 417137.384784416,
    "entry_tx": "2uvGYrJFnQ1EGW89B97L5SLrFAu4bUYcwYkSspYJMUnvJSye3JSZRrs8oDB5QRHVKQFbqSNkno4EFKgEyoAJxrV2",
    "timestamp": "2025-05-10T08:59:18.025426"
  },
  {
    "token_symbol": "DCUM",
    "token_address": "2KNLKjqTgw9sNJFfNxCg6AXKkBnAM6AbrEGDFyFRpump",
    "entry_price": 4.50529819871969e-08,
    "amount": 554902.2261635084,
    "entry_time": 418573.54951775,
    "entry_tx": "4RgaBFDhGcvisvTAYRevDqnK8APkyu3zwoewcdQD6Vy7k9aMfxcczEztGDuEU25cB5Y1pdiCkiX8qH6FrALHGfay",
    "timestamp": "2025-05-10T09:23:14.191668"
  },
  {
    "token_symbol": "bunnycore",
    "token_address": "9fUUdJhiQuDLjgjHtcRyG45CGVNbqsxbSV3cYcLxpump",
    "entry_price": 3.9202854709726203e-08,
    "amount": 637708.6614000464,
    "entry_time": 419371.628668208,
    "entry_tx": "qtmAJTj8rQQDPCre33m4oJekTa27tGMCCfbpF2NvHrHHPULGKTbQvggoSyFKTFRf2QtRn59hQoB6FCDeubWR1pK",
    "timestamp": "2025-05-10T09:36:32.271523"
  },
  {
    "token_symbol": "TNA",
    "token_address": "2DLzffDTPq7BWbSb1xx8sBHQtCYcWs8VDShnZCfQpump",
    "entry_price": 4.541779831694945e-08,
    "amount": 550445.0001194853,
    "entry_time": 420862.780461833,
    "entry_tx": "43f6oYTsHx6zeEd9XJYum4wQjLBM2fePqQjVVncUb8RTWuJGs5RG8xEks7bYBnSEF3Mdyt7H6cqPQ8iKUsHvE8HQ",
    "timestamp": "2025-05-10T10:01:23.393781"
  },
  {
    "token_symbol": "DOGCOIN",
    "token_address": "DK5jAKHLGu85FRjfYtKeTJXxAvamrNAyFFVj4iEpump",
    "entry_price": 4.242089921241908e-08,
    "amount": 589332.1561811928,
    "entry_time": 421755.156020916,
    "entry_tx": "z33Uu2FHYEsakTYSzkCHorYjDzt22u84mHvU1PspXTRwrRJH5Sk2HffQidRem2wdDh2YfRTsbgxxAFRjJQxvL9w",
    "timestamp": "2025-05-10T10:16:15.765320"
  },
  {
    "token_symbol": "BOM",
    "token_address": "CznvDFq9X1WfGeaLuRpooerM7ba7jV66dZGH4N7Qpump",
    "entry_price": 3.0045499455866494e-08,
    "amount": 832071.3735087755,
    "entry_time": 421806.539918333,
    "entry_tx": "27UU9mQDWk3a3CjciyPxFV9B3dyYsrEGAAnLcEDfGPLeUaPs7qFtRjsZ63oSvLsut3NUsooQ3TLa1gM1JHVKKPPB",
    "timestamp": "2025-05-10T10:17:07.148858"
  },
  {
    "token_symbol": "Fatherless",
    "token_address": "GR3THPsEmAGjZRJC9dPRDzomCkkFtCx5aXd6KxHdpump",
    "entry_price": 3.855890330329646e-08,
    "amount": 648358.6891295924,
    "entry_time": 424584.899723416,
    "entry_tx": "3Aiyotfs4NCGqhKuxPWjTuepjJLjP5Z5yv7UhhPF3HMhM68Cyz5zLrASeMHjkFmPY8fpWj6yCU8V23n6dtmbe3CR",
    "timestamp": "2025-05-10T11:03:25.400185"
  },
  {
    "token_symbol": "FBMC",
    "token_address": "6jD7QtaDkDSNe6r8L5xx7peXEQJfg1miaaU6evUGpump",
    "entry_price": 3.8931131622119665e-08,
    "amount": 642159.6023115764,
    "entry_time": 424612.1488185,
    "entry_tx": "5dfKcZ1C8Mu7P1XFPsPoRRyV7v5pF8syvPTrHXrjCKKdFFeNq6pi1J6n7dr2rieNEkNVjXpMtqVWtSp6dS5fZvo9",
    "timestamp": "2025-05-10T11:03:52.648639"
  },
  {
    "token_symbol": "PVE",
    "token_address": "FhNo7kHbw4G4nWvvWgprDCx2rAjaztzFgSd8vTzvpump",
    "entry_price": 3.323924935246564e-08,
    "amount": 30084.91525774548,
    "entry_time": 425116.724530333,
    "entry_tx": "ErfB9Aeu6o8swudzSBDND8i5qo9KqY6ypaJJW9VV6yca4ddhqJN5P487LkqDzzFVQLS3L4gNEy6QWJm52iKdfYF",
    "timestamp": "2025-05-10T11:12:17.214584"
  },
  {
    "token_symbol": "MMC",
    "token_address": "GmLg3V32mH1eAkyx2MkEM3YE44PThshH78HjDexFpump",
    "entry_price": 3.361879810451321e-08,
    "amount": 29745.26325692034,
    "entry_time": 425412.911990875,
    "entry_tx": "atYXYrGSa4R76DuoMQLgPJZ6frJJ5tmToZSMt3ALSEfEBjayt68VNhTv9j8i4iFq1CeQ7rcPP3jQZm7TH6CBmih",
    "timestamp": "2025-05-10T11:17:13.395608"
  },
  {
    "token_symbol": "MOM",
    "token_address": "6G1aVmsFDyC9dLZroLVyHzv51TZBbm3M6Eudgsqupump",
    "entry_price": 2.8985398518200982e-08,
    "amount": 34500.12941419673,
    "entry_time": 425492.607220833,
    "entry_tx": "rU8cpJRGRKk5xerH99RyvzvQAe4a8h4MZGgdy7tSEKidJQfCw76ZQhNuyX8h78qiYQrisJFxNUavEwQQu3ZyoAE",
    "timestamp": "2025-05-10T11:18:33.089530"
  },
  {
    "token_symbol": "ATOM",
    "token_address": "47arVXfQDVcFeE7VTL8LBhjVeFNXRr8cxWRDf1j9QSmW",
    "entry_price": 3.794683332156945e-08,
    "amount": 658816.5022399825,
    "entry_time": 428623.289948,
    "entry_tx": "5AGuVV3kevEsKSY6Bb9BSqaYpnqD1t6tNYGg6rpRRCuyrMzsH3NKrucHKDbyJtu4jDb1AvWzCGDEVTuc6WYiqHjJ",
    "timestamp": "2025-05-10T12:10:43.919672"
  },
  {
    "token_symbol": "JUNO",
    "token_address": "D7uKermeqsFa4XhXDqPrdxf5Sa1eWV3QhGWpcnrupump",
    "entry_price": 4.0039799994093516e-08,
    "amount": 624378.7432426707,
    "entry_time": 428641.199046583,
    "entry_tx": "5FF9Sm6ui7zN2UkEYBFFwMvZGYLjrBULTm7kEE4beikkGDuZSjPZMmtBxcNpQR7bbJq3k3vxTrS9o5e8MLCT3rj9",
    "timestamp": "2025-05-10T12:11:01.830185"
  },
  {
    "token_symbol": "COCO",
    "token_address": "6HkWoNC6P31gE6pbUk5kj1yPfSwRqLFbH98ZZKi3pump",
    "entry_price": 4.6867619131898734e-08,
    "amount": 533417.3244355113,
    "entry_time": 428947.802700041,
    "entry_tx": "3RCezySBZtuWEgEjJttxw7d5itXoXUR21wGTd3VD2esLarKKNcsLnBZp1ozFdx1efcdysNuLB5rdqGVC8xcNgKzL",
    "timestamp": "2025-05-10T12:16:08.436993"
  },
  {
    "token_symbol": "Hossein",
    "token_address": "GoLCD4ye6mrHz4tjpkawvQnbKCtXahiyN7sDoC25pump",
    "entry_price": 4.087600522574724e-08,
    "amount": 611605.754083152,
    "entry_time": 429627.136735375,
    "entry_tx": "2cNXFesn4jFrDcYUE2M7tA8AyjP6JTyGXLFuLsnAn3N2Y2aDK5xr4FFUa9Bb9oo8942QKK7T5MRseJtAso5DzbjG",
    "timestamp": "2025-05-10T12:27:27.780739"
  },
  {
    "token_symbol": "Reggie",
    "token_address": "GTzqpXU8PXtLxpEMhqunTz5QmAuKsk9VSPAqk1Gwpump",
    "entry_price": 3.215456719588914e-08,
    "amount": 777494.5266001333,
    "entry_time": 429727.117380375,
    "entry_tx": "2HYeEfqzaM7bwaWcA9wdR9yCAQhsoco9rzWKuGmzeDmccYJjr6LDeJ44VdAFLEcqioSDaGgjLEx6Ny3cEhZ9fYHU",
    "timestamp": "2025-05-10T12:29:07.762529"
  },
  {
    "token_symbol": "steeze",
    "token_address": "B9zYb3PRmHm2WEaEERt8LLnfs6RHe5S1xWshhyFFpump",
    "entry_price": 6.356711549499133e-08,
    "amount": 393285.10984535445,
    "entry_time": 453875.782173625,
    "entry_tx": "Y8MDaawYf3pfYZXUXH77qd79wrytqytJdcGJnx4ahwBJAtpTpDehRqTTc81z1UecDfXUcd8FKGmc1ym9vDFFV28",
    "timestamp": "2025-05-10T19:11:35.922497"
  },
  {
    "token_symbol": "GGOOL",
    "token_address": "NKRMFpCTJV9qX85ALhbenupz7HEa8mYHBrwkj5kpump",
    "entry_price": 3.946103971231663e-08,
    "amount": 633536.2722892719,
    "entry_time": 453884.124963833,
    "entry_tx": "E7gy5yn5YLAWEPqWBUKmpein7rDXbEfQ8dMoG95visVRY9UMRxUXCeNFp5mJDqhQWSkHNK7BEGLRsA45UqFEy3C",
    "timestamp": "2025-05-10T19:11:44.264996"
  },
  {
    "token_symbol": "dude.",
    "token_address": "DKshsWnpkqZAZSXVnYqWWYARujdqx9S8Gzzccu8Apump",
    "entry_price": 4.6808682917619105e-08,
    "amount": 534088.9433697318,
    "entry_time": 453904.915167875,
    "entry_tx": "43dGGFxojE2CZHde7dV8NgPUgy6N1H1bFg7E9KD7Hf5ZjjGjG4Bu3YoCZ9EXXfsFN3bZ8fhbZZnHvwDvQ8oovsuG",
    "timestamp": "2025-05-10T19:12:05.054737"
  },
  {
    "token_symbol": "HFF",
    "token_address": "22E5guWMKZV5eeDfoM1SgEmcCom3Zz5X46gUN6DxTDGY",
    "entry_price": 3.7261418345405146e-08,
    "amount": 670935.2759536823,
    "entry_time": 454229.907556125,
    "entry_tx": "2oDehoFYR6B7Lr1UwsEpNEZDgfkkAQMhCdkaThgB9z5RRRh2X2kGF8DSJLDov7xBR8cPyGsUf1KiEyYHoYfDxpaQ",
    "timestamp": "2025-05-10T19:17:30.040066"
  },
  {
    "token_symbol": "Tucker",
    "token_address": "4L5F1eWTrcmFfFGQdb1ePHZ2UjPJaMP8R7ALqzQ5pump",
    "entry_price": 3.7312434684410896e-08,
    "amount": 134003.5846572348,
    "entry_time": 515397.790279041,
    "entry_tx": "3jKUVYWMBLEJJGFMyQnkeGjufocEZpfSCzUWbvxtBpsSHY5BkakywgJ7w1sToHKUpYS3ZF9G41HSSju3JRkqxsPA",
    "timestamp": "2025-05-11T13:06:43.031753"
  },
  {
    "token_symbol": "RIZOMOM",
    "token_address": "FBxJySbZvvYTbENewfoNPVjvWpbcm95G6YuT3qE9pump",
    "entry_price": 5.556771399826657e-08,
    "amount": 89980.30763252155,
    "entry_time": 523355.820787958,
    "entry_tx": "RCUZ8mpFiEQjsHiC2bbuvhhXApcLrNRdSdmLyXXy6VCDvSsS2eJSu6cjHjWBvMdRCMCvGwF81QaMvZuxU473hac",
    "timestamp": "2025-05-11T15:19:21.041160"
  },
  {
    "token_symbol": "CURLY ",
    "token_address": "2YTRo1S5ww4Wadp9cmfAZX3bwGKR6hMY1uh2vSAypump",
    "entry_price": 3.0655201793545814e-08,
    "amount": 2880763.127731,
    "entry_time": 542885.960569458,
    "entry_tx": "3XEjQH4v98xDNfU9wGhgwK5asqD8zrGrdwUNQDoNqXaUjY9H9n6b83TSWSWSPeBTyaC2f93Z69xVvThA5BwatMks",
    "timestamp": "2025-05-11T20:44:50.935203"
  },
  {
    "token_symbol": "m",
    "token_address": "HpyEykPnhCakkLqxNKFhu9svvnYEXDvHifWusDXrpump",
    "entry_price": 3.685728603913598e-08,
    "amount": 40697.51631759492,
    "entry_time": 544371.931083875,
    "entry_tx": "36VNMbVSzFK2Z8sKoKEMQtz2dL2FS9SHdUNVaaZEvfSQov5oERrUMwWU48edqQqJ5NTrUaqjMK5vdSujZdxKqX4X",
    "timestamp": "2025-05-11T21:09:36.935844"
  },
  {
    "token_symbol": "explore",
    "token_address": "CaAxssC9x1ju7VFZLmiZXVH9BfrXw4tg7NXEjz67pump",
    "entry_price": 3.137952321567241e-08,
    "amount": 47801.873524032046,
    "entry_time": 544419.356735416,
    "entry_tx": "4GiuWptBAqUKYcUKwKNSTG6LEYQkBeW7szYSVQWKfx5aJoBYQ1c6LraQCy4dHv4KdTah4whbqWLXTdinXDvZ369N",
    "timestamp": "2025-05-11T21:10:24.361254"
  },
  {
    "token_symbol": "WTIA",
    "token_address": "5ZNrTdLTD1EJduFuBacLToiCsHYXGaVmGhLS4aBmpump",
    "entry_price": 5.643855569005697e-08,
    "amount": 26577.575943607317,
    "entry_time": 547767.990061916,
    "entry_tx": "sizV9ugFxuX4FnkD7BsRuSwVHmwQvrnqgTnGSrW6M1qWa8RoafSeU64LFXN6Ght9kiJbFQyNt3ZV14F3mnWsLjX",
    "timestamp": "2025-05-11T22:06:13.064613"
  },
  {
    "token_symbol": "VBILL",
    "token_address": "AeGWm5LfMTMNKGjq25YDfZnwLaeKXGJNwi6SSfGhpump",
    "entry_price": 3.5828160892380424e-08,
    "amount": 697775.1404850018,
    "entry_time": 669790.876596833,
    "entry_tx": "EWn3y5sdaLpeJo3FiSE5NJ4Efd97yqoYEUg68BAQrB3ukzfKLkztej3AF9iCSAAz828F4oQbW5RaRVfH6WZBfD1",
    "timestamp": "2025-05-13T13:06:09.256535"
  },
  {
    "token_symbol": "LLT",
    "token_address": "C87CBicSZ25pgGGyUJ94GTg91mQN4NDusX7k5H5Epump",
    "entry_price": 4.0088347801950455e-08,
    "amount": 623622.6078337819,
    "entry_time": 674032.614282708,
    "entry_tx": "5DEC9d4oSZsu9mGkq1x2xSSiAnUJXwnfVHhFxJ2F6onngDwzHdfMuBWKR9krmj2SdTnEorqVzaWdoLviehVrugFi",
    "timestamp": "2025-05-13T14:16:50.966647"
  },
  {
    "token_symbol": "EPA",
    "token_address": "5CDLKXsBZpXkix4ZCRpGBpnXHDrFVzreVxTwqxuDpump",
    "entry_price": 3.7818224144402554e-08,
    "amount": 661056.9524507996,
    "entry_time": 674045.037726166,
    "entry_tx": "R9Djb56cdfrFgKptn6ocg5nULSGmTnQxJ7Azjns32HMoixNrC4os4Xom7bz5a3s2FdAPjaMt9wxeig5ns7JuCCE",
    "timestamp": "2025-05-13T14:17:03.389927"
  },
  {
    "token_symbol": "GT3RS",
    "token_address": "BAqpHGYKkKrQYD59S9dzqXjhQQzf3m46XfwyGCyKpump",
    "entry_price": 5.669726206803276e-08,
    "amount": 440938.3996356252,
    "entry_time": 674052.135970375,
    "entry_tx": "5G29wESWYziHH7aeJ2dVkW4yBbHn3XebKRf4jKUiFVqet14TQEKqY7TEN8HooNL2az3PXVq9F8k7DVcAvmh2U9KH",
    "timestamp": "2025-05-13T14:17:10.488210"
  },
  {
    "token_symbol": "TURBO",
    "token_address": "D1pwzKdJ8tv1qNTCtwxfYftoBydhwo9uS4Su8Wb2pump",
    "entry_price": 4.066593266075861e-08,
    "amount": 614765.194457823,
    "entry_time": 674064.700375666,
    "entry_tx": "hErT7UT7cBQ2mBFWGoMdBcfffdYLrLXTqPCKwdvWrYcv7svF6a6Gm2xJ7issVUiEfyagvD9NatbCMBnBg3CZ6fD",
    "timestamp": "2025-05-13T14:17:23.052444"
  },
  {
    "token_symbol": "FAST",
    "token_address": "ETds7NDCT4BJaCToghr3AatefHqhcqUKCuuEoH7Kpump",
    "entry_price": 3.589148132014297e-08,
    "amount": 696544.1124317579,
    "entry_time": 674072.928350875,
    "entry_tx": "4aZjRVQrePekNRCnZvU6gU1KA6FuD84ZPPPuQhtPSVeppPF3PMzoDxHkTdu1ubGo2ai5EKcwdgpuedokYvVLPaaG",
    "timestamp": "2025-05-13T14:17:31.280339"
  },
  {
    "token_symbol": "GURGAON",
    "token_address": "8uqg2HtCu6PmJWbSeSXZ7eSbxYbdwGtDwgG1PALopump",
    "entry_price": 3.3769508736050183e-08,
    "amount": 740312.8128219285,
    "entry_time": 675479.581231208,
    "entry_tx": "2ckSf49jw98bD2AWPFwyTxePUR3MP2iQgeViNmCGHfUbwct5oi9e7UaddnTyXP5SLH33JoUKEYCFdLBdb1TuHUZ1",
    "timestamp": "2025-05-13T14:40:57.920697"
  },
  {
    "token_symbol": "LBC",
    "token_address": "HBmVBFyZZsHFCAnaFaMi31ckGtWYEj3wJ73zxgexpump",
    "entry_price": 3.966816505698904e-08,
    "amount": 630228.2942526808,
    "entry_time": 675505.446992166,
    "entry_tx": "2gA9ysUE9PrYmGD8CsfN5mtv3FonBxWEqutpKGW6s1WMPeWwSx77ULuPcnaZsuUcnFRdLoQttwPokawvJhGY3WNN",
    "timestamp": "2025-05-13T14:41:23.784748"
  },
  {
    "token_symbol": "777",
    "token_address": "9cSkeG9W9nFkeSY2h8wcvLMqrBcXbC1xka7CR5xvpump",
    "entry_price": 3.469961693071211e-08,
    "amount": 720469.0486906464,
    "entry_time": 675518.532167166,
    "entry_tx": "5Cb6nkm7oGQKaLnLdpSjrKTuEyWCSi5nJTpPhmQb1ZGkjtVPXNibT1vGx8GB5AZPJfg29MzeN7aHrAk28c5yMztG",
    "timestamp": "2025-05-13T14:41:36.869911"
  },
  {
    "token_symbol": "wCAT",
    "token_address": "HiqVpyw7oHje3CfXok2rD74gjHNFypVuYBYqnMdYpump",
    "entry_price": 5.062728067111235e-08,
    "amount": 493804.9144374619,
    "entry_time": 675887.4234865,
    "entry_tx": "7uR785sStvkVjSUpoz41PTxxGjqetKbVzZVyPpqJFd92TwfWCxz8Qo4ZVnDeC6DLWPA3pphz9DQkdqWrdfzMWJj",
    "timestamp": "2025-05-13T14:47:45.822176"
  },
  {
    "token_symbol": "APE",
    "token_address": "3SGJbpNKmyxaf4U2sf59pYHAnnPZTvnFNVkk1i18pump",
    "entry_price": 3.7231284025405756e-08,
    "amount": 671478.3186886755,
    "entry_time": 675941.355713791,
    "entry_tx": "25oNdRR88TE3tdsmjXntKKvZuyFySTgseFPunwnx4PavxEX2emfkUbX42boG3md82eNe9US8NJ5xbHGhorJpudmE",
    "timestamp": "2025-05-13T14:48:39.754655"
  },
  {
    "token_symbol": "Goon",
    "token_address": "MjbvdthAGAQGvn4fRMCWcco41QemPB2btfyvWJBpump",
    "entry_price": 3.922824442233334e-08,
    "amount": 637295.9169635196,
    "entry_time": 675997.351715541,
    "entry_tx": "3Xo9N2crM4WxUV6b1rZUu3dytcZWFzNNpKEGG4xKrRjFpGMy4We7XCQAiHXkZAJDW3ohVHmVzXq4UCygvDBASFfu",
    "timestamp": "2025-05-13T14:49:35.750883"
  },
  {
    "token_symbol": "PYD",
    "token_address": "AJDYokFtB5n2Q2ALxwfbWyWun61WkorPMX1sj2C7pump",
    "entry_price": 4.8937030333157076e-08,
    "amount": 510860.5861410711,
    "entry_time": 676004.043426958,
    "entry_tx": "BG3qieKaHcDt59SCV8cMc6KNZBi5KKJ6TPWEGPgvja7Ze2EnQGhKZjVqMtxhFVomjFeoebJEy6YR82wVmakJ5Vp",
    "timestamp": "2025-05-13T14:49:42.442617"
  },
  {
    "token_symbol": "Wheelie ",
    "token_address": "4SwrC9fJhGBr2vrXvFeJoxXsJN8zPN9foPErYLMzpump",
    "entry_price": 6.112436310030468e-08,
    "amount": 409002.21666073095,
    "entry_time": 676010.120584416,
    "entry_tx": "kamcL2epZh38AKkACE67Uhf9cB5y1c1KXgNyn6vrgnubxodLs1wHtXytw1LSkVSHMfigwTDdtWaMkrxMBYYxQ71",
    "timestamp": "2025-05-13T14:49:48.519932"
  },
  {
    "token_symbol": "DCM",
    "token_address": "AnvdqcSKdgZLiTCdyq39dBqHaQmeRNUFeRzqe9sjpump",
    "entry_price": 5.351753026949402e-08,
    "amount": 467136.65361815965,
    "entry_time": 676916.36861625,
    "entry_tx": "5tQbGXLA356nLdguwie7PFGvbj6iZ6F1SKZ4TxpPqxbgAtENtrcVzdHqqXTUZ1khbLPh6heTGpAKnrvuqCEszaLv",
    "timestamp": "2025-05-13T15:04:54.771892"
  },
  {
    "token_symbol": "memena",
    "token_address": "55ibAirStX6b3pMeRdz6C8nMopXAH7m7yZVdiXZfpump",
    "entry_price": 7.011783921778814e-08,
    "amount": 356542.6470480535,
    "entry_time": 676928.611122125,
    "entry_tx": "vtyQ92BocuzDXViWcsB7mTKArp7jHsG5BDTmSq6AeTVXob46KcBnvJrNvFonrMrU2zo5kTKfbK7HW5sMwLYMLuj",
    "timestamp": "2025-05-13T15:05:07.014454"
  },
  {
    "token_symbol": "GG",
    "token_address": "6npR8iM6jFCG8z7ddqjLQhnJ2YbVB9HJ2bYPC1FhKBAv",
    "entry_price": 4.8509244243761953e-08,
    "amount": 515365.6872981458,
    "entry_time": 677708.181614291,
    "entry_tx": "RBr8RChRAxkcVcxMXvX1Fv9VE72RA4rPsjYkmLw3Az8jFfyT26JZfwiqXgstt5mZkpAH5VPoHzvNzhbX4YRyx5B",
    "timestamp": "2025-05-13T15:18:06.588593"
  },
  {
    "token_symbol": "hims",
    "token_address": "3cg9Bbrc5112MwpwK8bHzqy8iYJK1bwcqF58yyBupump",
    "entry_price": 8.686070850864283e-08,
    "amount": 287817.1319257941,
    "entry_time": 696880.521474208,
    "entry_tx": "jXqjbmVcbzBbobpC428hV291oU3fr9expPob4UYNuNLq8d7DmYFHawV61Q1PivfrhJuW2jPSRW9xQeJ2rLwrKkX",
    "timestamp": "2025-05-14T00:15:16.312818"
  },
  {
    "token_symbol": "V4V",
    "token_address": "9UfSiY5Fb8WcXg9hn4cPhTbbVAY4tpj8gaFzyiuXpump",
    "entry_price": 3.6669665963764066e-08,
    "amount": 681762.4143264436,
    "entry_time": 697313.308028875,
    "entry_tx": "5QKfd1Ku3efLV5jcrapNgU135Ff2mmb29oCmPZ64SN4EY6yBnfQ2YeYErHZYXrPb9tL6c8LyViLE6WrBwqDwrnrF",
    "timestamp": "2025-05-14T00:22:29.137493"
  },
  {
    "token_symbol": "Elonk",
    "token_address": "BiLL3vXDw4jQX3Zsu9Z4kRTWwm56gtwSbG38ejqRpump",
    "entry_price": 6.414283839571856e-08,
    "amount": 389755.1250502303,
    "entry_time": 697331.872425958,
    "entry_tx": "3nVDxCoTKLd2HbkAH3Uk45JkcWDqU3MvKpjuXqQVsNEqtzRfnix5dXUrSNva4Erbmc6AbVabPicfewV6mTiLfGS2",
    "timestamp": "2025-05-14T00:22:47.701661"
  },
  {
    "token_symbol": "glork",
    "token_address": "ETiwUxfXsaNtpJdq4cTUHapeJ4DntH64PdT5U7MCpump",
    "entry_price": 3.820325252272488e-08,
    "amount": 654394.5436354919,
    "entry_time": 699567.124974791,
    "entry_tx": "7wfRamownxnJJLrqWj17Ni65UkstBYYGfrxGKLWSLvVEYT4jN9zts5UjD2qgNJarKuG3bpjS6XVbyGmZzGBEXxB",
    "timestamp": "2025-05-14T01:00:02.926901"
  },
  {
    "token_symbol": "\u200e",
    "token_address": "3dinr4mGTwWubBLwDvD8T4FLdb54GJJ19DKbzyZKpump",
    "entry_price": 6.892739459378507e-08,
    "amount": 362700.492994612,
    "entry_time": 699644.585648208,
    "entry_tx": "3Wd1jtHt1BhQRWPo5zNJGe34F7MVVjGLsHqEyXSbNPeGztNAZrMuW99K8TNrEoAD5RdF5YSVTxNRVThSXJy88x3C",
    "timestamp": "2025-05-14T01:01:20.386657"
  },
  {
    "token_symbol": "DivorceGPT",
    "token_address": "EGXKRCCsUvXRuXQc1DtgVYK6YwN7tHaBoeLd3nncpump",
    "entry_price": 4.358920934981537e-08,
    "amount": 573536.4410803632,
    "entry_time": 699651.859114291,
    "entry_tx": "54tfrKjVmr7BVKC9cu16g4mK2SFLvNcPpJPUtcnAc9Q3JAczfj4WjsLPktUQh5jGjP3qKQg8HsLh9aA1pmbKbbY5",
    "timestamp": "2025-05-14T01:01:27.660080"
  },
  {
    "token_symbol": "NFTcoin",
    "token_address": "ArxeQ2Tnd7hjg4edSNL5GdbuxwwTEPowqCT5b5Xipump",
    "entry_price": 4.573014229609745e-08,
    "amount": 546685.3752198683,
    "entry_time": 700695.133130708,
    "entry_tx": "q6DmVUKBdmco5kCLfKZue8wekwAFjCHBjb216beeVPSMv8JDsq19Qt4E8Sm62EUq96rbBeiCsqh3oy4MXFsreHq",
    "timestamp": "2025-05-14T01:18:50.921420"
  },
  {
    "token_symbol": "YOUNGTHUG",
    "token_address": "9pzb8YBJusVEEp3CV5hneyAAYUkJTibDrNgXAb6Bpump",
    "entry_price": 4.697686333972716e-08,
    "amount": 532176.8679872274,
    "entry_time": 700718.226477125,
    "entry_tx": "XWCQEoFSz5oFYJSUQyQ6tLXMy38kXpyEs2SKtQzij9ub9fAWyQSdjWDUFQrBBLUyYtTG1GP1a2LbtZqUQw718ax",
    "timestamp": "2025-05-14T01:19:14.014369"
  },
  {
    "token_symbol": "inter",
    "token_address": "3oZ8PbftcnWJUYwyT3ETeS1d3AF4Rgn5a8XfLzPipump",
    "entry_price": 3.914377723419073e-08,
    "amount": 638671.1187944164,
    "entry_time": 701003.39674325,
    "entry_tx": "4Swwc7K7fkfJNEKCWGnLezF1rxRDLq6TE7xU1JFs1GyeQaXYSQXLBsRobdZUpMriDGLzKHr2usv6QH8g5sKbHWom",
    "timestamp": "2025-05-14T01:23:59.229801"
  },
  {
    "token_symbol": "ETH",
    "token_address": "FVYGvL9n29nDnhsFtW5xLa9yuQ8WJAJDMHeMJWDapump",
    "entry_price": 4.7053469747025195e-08,
    "amount": 531310.4460607934,
    "entry_time": 701011.198488208,
    "entry_tx": "UtDzfBEc3Tco6e67KNuSMP663cy9phNMaYXyJi4UVyfCbGNmnUHyVQMCNFeqx728J7VptiBUBujXs6bRLFkkydU",
    "timestamp": "2025-05-14T01:24:07.031483"
  },
  {
    "token_symbol": "Gud Koin",
    "token_address": "5zPpJeMaFiRvdNoAqXJdAx8yDBKDPMxTdTzmcgXbpump",
    "entry_price": 3.810663427108358e-08,
    "amount": 656053.7417751094,
    "entry_time": 701398.67427125,
    "entry_tx": "4WxpLU7VWRQJjhEUKfYDGAgoT6vEcpBT3z2MSRtzE2qTFLLFiCVkZTcYPfQAQb9WGPVb3V2xP1Bye9G9LA4qV6rx",
    "timestamp": "2025-05-14T01:30:34.506623"
  },
  {
    "token_symbol": "TYSON",
    "token_address": "BubKLhTqZa2KhNjqTQzjBmuz71U1BT6eEszJ3TdXpump",
    "entry_price": 2.9115910258282873e-08,
    "amount": 858637.0743084709,
    "entry_time": 701422.674668833,
    "entry_tx": "5Pn1cXLjU5p8GrJbSjjAvTJW6Lq9kGXbbSFj1AvNcKpoW2WfwEoWDkVT2JiePd6CBWCrms9x1vFwUPCxTLJqpatQ",
    "timestamp": "2025-05-14T01:30:58.506971"
  },
  {
    "token_symbol": "\ud83c\udf5e",
    "token_address": "6k7fL4wKaeK4vr4N6ZoMAA7zXYFN77szsdsrPsv4pump",
    "entry_price": 4.383173470594381e-08,
    "amount": 570363.0067967598,
    "entry_time": 701650.457663916,
    "entry_tx": "2rd78VHsRHi6AUgVytG14uVkDkBzg8w6skREyjYc8HYqV6pBaB93rj5rpfcijK8QMZHU27nKQuQEH9L8GjnzUpRE",
    "timestamp": "2025-05-14T01:34:46.289576"
  },
  {
    "token_symbol": "PVE",
    "token_address": "5dndUAR1XKRmZh2GSNY6r2gDSehvQo8GFkpcmvW2pump",
    "entry_price": 4.453700225383366e-08,
    "amount": 561330.9997272672,
    "entry_time": 701715.120909291,
    "entry_tx": "2WsQAhAuA9g4HZYS2UxTSFDkaw1nSacuXvwopNAf4eaE4G9rxe5PsTimSAJfU9YZ4HomkENdznirp7Mv66oYD9CM",
    "timestamp": "2025-05-14T01:35:50.952740"
  },
  {
    "token_symbol": "One",
    "token_address": "BF1xd6Wcq9suhfAVCiRHSpCev5Pgkes7AG7DgFLRpump",
    "entry_price": 3.087371204131873e-08,
    "amount": 809750.3781385972,
    "entry_time": 701763.026907125,
    "entry_tx": "BPZJuDYCXpeqfcb87dqDFtBBMeqDt2s9tJWNke2NvnTBZqQWvFXDkxVioAsNDR58VB7kttVvEDs52Xr8knCHxjr",
    "timestamp": "2025-05-14T01:36:38.858531"
  },
  {
    "token_symbol": "GVR",
    "token_address": "7WYPPwSVUxhid3Z4R9Hb1qCqDJdjULCghXCpUTfYpump",
    "entry_price": 3.7851170200532013e-08,
    "amount": 660481.5615356752,
    "entry_time": 702026.749818083,
    "entry_tx": "3Z7anPDQ7SnZWcQFcLJPjj6T8QdwMG8NXvWnSt2xYcPKuBt3Pd5ZQkn8dUa8KfrreMaC5enwSUs2Et59fLNXXy8T",
    "timestamp": "2025-05-14T01:41:02.581010"
  },
  {
    "token_symbol": "HITLER",
    "token_address": "DmCkQQi2yPhGLLzVkPYZ1npW8t3aAWEuMrHdcRbmpump",
    "entry_price": 3.4841867140515397e-08,
    "amount": 43051.65374606877,
    "entry_time": 702422.022016708,
    "entry_tx": "1rqpL5km5boaAcXHADrvTqzbW5WkvaskSy1TU7zYn2ch8psjw7kieDnJyZ9dsybYmV1Ear1HewCAZo3csMdRoqt",
    "timestamp": "2025-05-14T01:47:37.852410"
  },
  {
    "token_symbol": "pih",
    "token_address": "EyYBwduNAnBXEeFGcBhCrn3R4Q9jiQtzvb8ac3mCpump",
    "entry_price": 3.502884669477266e-08,
    "amount": 42821.84946225605,
    "entry_time": 702491.191324291,
    "entry_tx": "do5R5stUbFnYiGMFW4sKMrRRhH3AjCgxR79uWcepm5oKQR2zfQBDC6rBD2BJsG9GsT2hM5ymaNdFDq65KguZXH9",
    "timestamp": "2025-05-14T01:48:47.021632"
  },
  {
    "token_symbol": "EVAI",
    "token_address": "FrVXYA88ByFvjc2JQhtiFyTTHtwMF7eKs1wu39GFpump",
    "entry_price": 4.945911807643662e-08,
    "amount": 30328.078185337316,
    "entry_time": 702510.767566375,
    "entry_tx": "5yRGAi4xF5QQey3VdkkdVdVbERnitHnfiY9dHZjbZVfUEMTP7CjTcXr28YGC57eEY1aTy4qKx7CYSpQStjXRBwxe",
    "timestamp": "2025-05-14T01:49:06.597830"
  },
  {
    "token_symbol": "TESTICLE",
    "token_address": "CYU56KXkkTX3ERhbUo9KhMWqifLP4mZXHbQFc69spump",
    "entry_price": 3.342155949052498e-08,
    "amount": 44881.2091017252,
    "entry_time": 703223.705036333,
    "entry_tx": "26EgCAB43vQV3ByGe1QGxGvcWCvWogXEzCVqVKuunwNFooxT5ngDiRS6efYYrAJZfrC16ZUTQo4hknYxF5VYKxEL",
    "timestamp": "2025-05-14T02:00:59.545686"
  },
  {
    "token_symbol": "FREAKY",
    "token_address": "9uNTFQAAc37QYfw4j8tFF2wX8BLfuf7W4Bde9yQKpump",
    "entry_price": 3.424168996582787e-08,
    "amount": 43806.2490927566,
    "entry_time": 703300.324994833,
    "entry_tx": "5V7E8WqBdiRFCJEeQnV7jSQUAZwa4pPFp8wnKXrrqsxRpsk17nQjrNaMK2MjfdFnUuGTTkV4XMW3BQv4sXNC76qm",
    "timestamp": "2025-05-14T02:02:16.165655"
  },
  {
    "token_symbol": "patience",
    "token_address": "J16wcw5QGRnkMJAcgyhr5QptLhDfT42NXKyrakizpump",
    "entry_price": 3.3966173876120866e-08,
    "amount": 44161.58279913124,
    "entry_time": 705099.48395525,
    "entry_tx": "2H45gAntBkvaArkpqzd5TEmWn2iunT5QB3CsmPnskZXmzgeXKwqAe5if5v4scr46Kja8QnMKBYWAf1qHCq2ycQWU",
    "timestamp": "2025-05-14T02:32:15.326325"
  },
  {
    "token_symbol": "SUPER",
    "token_address": "33ppznv8jgvCvrNtTe3fyRWoRk6ieVGAZcNLwyuGpump",
    "entry_price": 6.550423253790974e-08,
    "amount": 22899.283632273597,
    "entry_time": 705283.900459541,
    "entry_tx": "5mz57B2R5xrDtZUgiLGdDH6Ngv1KQ6QdUQJdQVzgJtUmGmxd6LsBTuq8GZRXkTKkgr1e3Hx5EjQWLxgpYEGKk8gy",
    "timestamp": "2025-05-14T02:35:19.742944"
  },
  {
    "token_symbol": "bullish",
    "token_address": "ekf99RGWdJoeJx85bWPfaAYomRbDKmtNmogG4WCpump",
    "entry_price": 4.0258742112757576e-08,
    "amount": 37258.98826641843,
    "entry_time": 705464.165626916,
    "entry_tx": "5ocPXm4W2V1exjeKRgWkQHR2oRaZmsdTVnrkW5n4ft1SwvbfKhoPF5eAtQXH9jSVncv9Z2eahSX3M7Yw1WZSgvHJ",
    "timestamp": "2025-05-14T02:38:20.008304"
  },
  {
    "token_symbol": "HUT8",
    "token_address": "GZeGDf7xQRxi6k6uXix4PMdVFmkwNUgceZ1hZGsKpump",
    "entry_price": 6.765417209538194e-08,
    "amount": 22171.58164148741,
    "entry_time": 707966.212667666,
    "entry_tx": "4dkYDfFkZDxgX98CH6v3hCYvvRVnL8ePoWYYcFq1n9bnRcKLrwePBxXL24Jd61BKGBzigqijdE3wauo7QJbQVJpt",
    "timestamp": "2025-05-14T03:20:02.107232"
  },
  {
    "token_symbol": "pve",
    "token_address": "BCtvZXh4tvRknRqa974zRpFgVL9qxkT55YSHfJCjpump",
    "entry_price": 4.948869567432512e-08,
    "amount": 505165.86988915276,
    "entry_time": 710688.0274515,
    "entry_tx": "3Aayp8pwQac93PaxHMQqXm9wUCiJPNihDUaVQUmseAAw9wRcShJroD2RGSz7q8VLzYeLQqdXrrjGmKZHXDRx9cVK",
    "timestamp": "2025-05-14T04:05:23.829990"
  },
  {
    "token_symbol": "Anything",
    "token_address": "BvF5XQy5KnguLZhAr11cx6QD7sdeyAUYmiFoZbddpump",
    "entry_price": 3.022125748430966e-08,
    "amount": 827232.288827808,
    "entry_time": 710741.993913625,
    "entry_tx": "5aKGo3Lnhn2ASzVt6dQJjXzxTJnhLMK1y1oV2saxcwcWiy5mz2BDQY1mA6D4jPHcHt5KaFD93nNiwQgxMtSa2KuU",
    "timestamp": "2025-05-14T04:06:17.795670"
  },
  {
    "token_symbol": "MOLLY",
    "token_address": "Ht3YS7ZnEva6pq8dPfH7QscaSn82HUSfPxydnHHupump",
    "entry_price": 3.5468896565378364e-08,
    "amount": 704842.9023981201,
    "entry_time": 710810.91755975,
    "entry_tx": "2ZsdZkToJGRLH9goKedtDAQnaffV4pvdyNcn4mz4ry5chzVwvaSqRGZ4bEXC1UtgKxtN3xeevEnmFdvJh3MAUUio",
    "timestamp": "2025-05-14T04:07:26.718692"
  },
  {
    "token_symbol": "glen",
    "token_address": "2k7TiBmXN6h77CfxAkKqGFLzaWP6wAzDLTWHxA43pump",
    "entry_price": 3.210935959320474e-08,
    "amount": 778589.1813703665,
    "entry_time": 711556.405172,
    "entry_tx": "524YoXS7TJUJ9po3kAaNCHCmESxhBCZLJmUkNWzGs8HzfDmKqj7VFcLT9hgzDWVwAuva11rqPrqiMtuAqChkw6x5",
    "timestamp": "2025-05-14T04:19:52.198215"
  },
  {
    "token_symbol": "glen",
    "token_address": "82QfP9s5HWv2V7kFY6GKWf1eAe86ParqqieduvPbpump",
    "entry_price": 5.26082329146076e-08,
    "amount": 475210.79144740314,
    "entry_time": 711616.744098125,
    "entry_tx": "5bpbr6F7nW528iKCvL79K7byUciq3W8jxqwFD1Kf8wbzyJQUZDRipqT25yGHWwG9ENKGimMW1t8hiiCGyh63r3NK",
    "timestamp": "2025-05-14T04:20:52.536479"
  },
  {
    "token_symbol": "glen",
    "token_address": "Fgdatmrncv3DKFhoqRUtKKudcnCyGwRsdZ6u2HSZpump",
    "entry_price": 4.9950679663057135e-08,
    "amount": 500493.69034891576,
    "entry_time": 711622.529286833,
    "entry_tx": "3eyEsq3hkuUEDzmjB7HwZMHmnnXUutpodbA7uNvLwVYDheB22LuSX4TVxQzM8oT4PUdgbnDyEcqAusTjjoWHHTra",
    "timestamp": "2025-05-14T04:20:58.321543"
  },
  {
    "token_symbol": "eepygoobie",
    "token_address": "2gHt1BRWkQbvRcPsQ9y88o1kJcR3zh8MAaQDBKSVpump",
    "entry_price": 3.9225233795256345e-08,
    "amount": 637344.8308936107,
    "entry_time": 711807.02488775,
    "entry_tx": "3AKmmYspzrkbcx7bhzjPUn5P23GBPFbQbBDEK9pJrnnQL78KTXCgucB8YZFLoNRqJMKCzDhG3yo6NgNPqikuBrhX",
    "timestamp": "2025-05-14T04:24:02.815186"
  },
  {
    "token_symbol": "S&P",
    "token_address": "CXw6vFTR9tqB8dYdc6a7cs6vriTauDsQmL32ms78pump",
    "entry_price": 5.9078070643743767e-08,
    "amount": 423168.8632954273,
    "entry_time": 711917.351336625,
    "entry_tx": "49RvnkMjjqrws1QSLKkajydnPNk1eE1UtmoqSThjBbB2vieNChKdk5kEvohDoBY4pEBGS7uh9VB2YbguhvtQg4m3",
    "timestamp": "2025-05-14T04:25:53.140555"
  },
  {
    "token_symbol": "GDP",
    "token_address": "DWkY8rVWERjWyL7tTYjeEg8qB8k1LVjo2QKURqSSpump",
    "entry_price": 3.649938393184798e-08,
    "amount": 684943.0677153416,
    "entry_time": 712015.744640541,
    "entry_tx": "4JrUZgFF4bXqFM3KVdCMCcEoGvTraZS3kfc9TLPXs8tPZnaU6jzqKzFVVJwZsT7oNHmZMj2LSEDv4FuJBRinqgad",
    "timestamp": "2025-05-14T04:27:31.532728"
  },
  {
    "token_symbol": "fridge",
    "token_address": "AstJnaTcqSNMZb8opCrvijwcNRM1wz9eqRzgYFgypump",
    "entry_price": 3.9065596385102746e-08,
    "amount": 639949.2728474891,
    "entry_time": 712218.936281083,
    "entry_tx": "VkrdMTkx2puW9A3dBcedYt5Xg3z93WuSxKoBM5eqopVBDYcM9Bt8HVCiefzfHz4jJUzijgEvgYPuMvFggUgJMv6",
    "timestamp": "2025-05-14T04:30:54.714060"
  },
  {
    "token_symbol": "McCoin",
    "token_address": "FfXDZv8uqGh14ZP3hYDJbS96QZ18cJguVyHwqjvfpump",
    "entry_price": 5.4787429960429973e-08,
    "amount": 456309.0478610908,
    "entry_time": 712269.984802125,
    "entry_tx": "GuCmBJ6BUyemrAtGcX7GdbfzWc2NfyoTTzTZgqb5F7yAbBFuL5rDDXbP7HcXXsGtTfTZYDVtPdDMfuqLbLa36YG",
    "timestamp": "2025-05-14T04:31:45.761915"
  },
  {
    "token_symbol": "Ernie",
    "token_address": "G3Rb4p2hqX25XnCb2rF3tAi1JbYfqBwmjgiqHChopump",
    "entry_price": 5.975723103541954e-08,
    "amount": 418359.41135194,
    "entry_time": 712417.726805041,
    "entry_tx": "2C7kXePnGdCcUAAcqGTMZYUfdkBnfpsEz7vWvctx7gUPz3UkifXmdfeDan4fD5RYjtGCpsyvNBt9ZtmmCUjJczP4",
    "timestamp": "2025-05-14T04:34:13.502071"
  },
  {
    "token_symbol": "GS",
    "token_address": "A7XFHeQogHzG2bbHKHhKtsRHWDkjBemX9CNkLunDpump",
    "entry_price": 3.068147816303063e-08,
    "amount": 814823.8447691065,
    "entry_time": 712500.087097916,
    "entry_tx": "jWozqjvGALWtTgGz5WtE8Hfcsg7fw7tN6QJaaR936aJxgcTgrob6dthq34DKMQPdkouzXahT2DDPMnrz9ycHBBf",
    "timestamp": "2025-05-14T04:35:35.861268"
  },
  {
    "token_symbol": "STEVEN",
    "token_address": "9J48bGdxsZdmbXhnqNFdhNXJDFvR8f4wK64hJN21pump",
    "entry_price": 5.0893338033160426e-08,
    "amount": 491223.42856958654,
    "entry_time": 712606.760239333,
    "entry_tx": "3MFenMbzBKLMSyW4CmpbwBRVDauWJndJ9cbnak7mjCNV8W5XqfhTUJ2YfeXxJwnZxqC8M9ABbqtFuAUnAKCjJ7Y6",
    "timestamp": "2025-05-14T04:37:22.533120"
  },
  {
    "token_symbol": "Extract",
    "token_address": "Fs3cTwGLfKDiqW89iKqcgj8jPHFa8J9rYs2huwfCpump",
    "entry_price": 3.602308506796603e-08,
    "amount": 693999.416008696,
    "entry_time": 712751.249738541,
    "entry_tx": "2nDAeZrfvStYJk8VUyentisAWWkDJdgrxSW3ow4SJoT5zJmk8AuQaCfqpZrSkYkfYB596wTudNKaouQB7vgaycS7",
    "timestamp": "2025-05-14T04:39:47.020696"
  },
  {
    "token_symbol": " \u0cc0",
    "token_address": "AefCxFr5co5c8nEWdfxpf9FYcuRGtTD9Rg9xATW1pump",
    "entry_price": 3.890789664171326e-08,
    "amount": 642543.0865670964,
    "entry_time": 712881.375712708,
    "entry_tx": "4HYg1MdwSx7UpUH3upZX8q8dScPbAt5PiuEWqa3iosSR7TJxH4jcjsriLMHgyxjvz8R6SnjK5fXepcBFCnz9UeSD",
    "timestamp": "2025-05-14T04:41:57.145002"
  },
  {
    "token_symbol": "pebble",
    "token_address": "6rQvK49evhmrpbAun3a4BAa14UwW9eakGSt681eMpump",
    "entry_price": 3.205364114681567e-08,
    "amount": 779942.5932764458,
    "entry_time": 712974.952026333,
    "entry_tx": "4kct16WvSHHUtYmgEYzzXRQu3fefUbqEfNqrCiXNrn85UQC3kF2exwXxAATuLE8AYSfitYiqBnDgeYHcHDURwaxP",
    "timestamp": "2025-05-14T04:43:30.720103"
  },
  {
    "token_symbol": "CURVE",
    "token_address": "8NAewAwZMGRzjP7dUYbwV4qXrPW5gHxJANfPXWHipump",
    "entry_price": 3.383038210624416e-08,
    "amount": 738980.716253444,
    "entry_time": 713221.720898125,
    "entry_tx": "2yqiu41Qsu5sfp27UoEeTugG7weYfHrt5WVfNMbZ2ejRqx1HkTfPBcUnmFSYHGR97eRVhW8biDBJ2DAPMcSVV7Wc",
    "timestamp": "2025-05-14T04:47:37.485937"
  },
  {
    "token_symbol": "trumpbin",
    "token_address": "4Z7ZRVJXw6kY84w79Pq7QEYJ7f1xbgXZ3kUp5n5npump",
    "entry_price": 3.6806026949122997e-08,
    "amount": 679236.5835779429,
    "entry_time": 713297.466696,
    "entry_tx": "39sPd7QKCxJkgmP8AtWUY8uUS8ZyEo9uTJYDeTuW7azPuNRd7jGNs9mypqVeJvfUKzNfpuCRfr6SNXWHcATRN3um",
    "timestamp": "2025-05-14T04:48:53.230801"
  },
  {
    "token_symbol": "DJ",
    "token_address": "XztaoWhXiR8iGUkLHEDcp6hzxC86YEdHj61J1hMpump",
    "entry_price": 4.3999063272644625e-08,
    "amount": 568193.9146087039,
    "entry_time": 713357.550853041,
    "entry_tx": "33pmYWWrM8WjyVraixDdjDCxugnSYiDLmK7CwBBKtU8JdnpoMEd8SfwMMKEkHcmgi6AKSRcC8AG479wv6QmpNfaw",
    "timestamp": "2025-05-14T04:49:53.314146"
  },
  {
    "token_symbol": "wide/based",
    "token_address": "G2HBCKEptFAfmA1stppr1g8mk5b3P5YZiKyNwgJGpump",
    "entry_price": 3.5890019020568476e-08,
    "amount": 696572.4923598554,
    "entry_time": 713498.608133458,
    "entry_tx": "2b2dT1hsE8887wDBa3MuKiyxjWj2NX8bvaDM7KySK64NCeDb4Jh5UcyC6PGnmhtVLW97eVQX45qZEbZheiauoZ4H",
    "timestamp": "2025-05-14T04:52:14.369623"
  },
  {
    "token_symbol": "sqok",
    "token_address": "DnK2GRTG1wN45CvH9RZMu7AEauvvqtx7hX6GBYh9pump",
    "entry_price": 4.23751452277555e-08,
    "amount": 589968.4795327883,
    "entry_time": 713552.952794125,
    "entry_tx": "3ZQpK343dtq7cmkXG67ZEp1iBBPYmH8erAUMETTUpUSufvBL43iWeFsmiQujMEMzdSNGWcE3wsAjbERsFkjjcmpQ",
    "timestamp": "2025-05-14T04:53:08.713613"
  },
  {
    "token_symbol": "SPF",
    "token_address": "HVmAWS2fhVsoc6HkGDNJAvmB2CQmij5jjeXEi5fnpump",
    "entry_price": 6.69538537807724e-08,
    "amount": 373391.5015834297,
    "entry_time": 713689.553816583,
    "entry_tx": "3cQerkpPofgf3uE5f77fYu2N4pQQfkSb1JrUtGpSEt7xDSkzGDrh2WonXRdTtKM3kEPnppb68bMcgamSYGeqb1s4",
    "timestamp": "2025-05-14T04:55:25.312919"
  },
  {
    "token_symbol": "BTC",
    "token_address": "CqE6kceTYwpyX6D89kaMVoA9KGeHDEgonzCumcaspump",
    "entry_price": 4.054841725874383e-08,
    "amount": 616546.8763052403,
    "entry_time": 713899.185953125,
    "entry_tx": "V5QpA3UD3ZSeaHQ7rZuR2dHffQZ2vQr8nkEThdJYvJS22mHYEEKrFZpS4xUPXhYHMdcpx2Aqrb2oJW1UmAVz8QL",
    "timestamp": "2025-05-14T04:58:54.942344"
  },
  {
    "token_symbol": "DEVVY",
    "token_address": "7gYMWuCExUJjDu8MsknQdDKvNhKnzCHAnjYuVW36pump",
    "entry_price": 4.724235464050697e-08,
    "amount": 529186.154886621,
    "entry_time": 714139.899027833,
    "entry_tx": "4HzyTtgmA5kSBUsdBZorM3vxaMDadcGRMuBqhwCumkLecxNvpPFvVY5J5VdM3ssqUNxi2EKUfxHKeXZqVcgb7cJK",
    "timestamp": "2025-05-14T05:02:55.652389"
  },
  {
    "token_symbol": "AOT",
    "token_address": "91k8kHUDg1mRAXxUuMCuv7myoxMTmoeKRkLYn8u1pump",
    "entry_price": 6.112493833457297e-08,
    "amount": 408998.36762468703,
    "entry_time": 714187.809830708,
    "entry_tx": "62cMp2vXx5c7dfFeg1GUCLYdH5TtU9yL5QCFNMPTd4fsef99ycS4c9rxu1ZwsuiLheBbcLg4smf2U5LvWHo2XGyv",
    "timestamp": "2025-05-14T05:03:43.562638"
  },
  {
    "token_symbol": "GASDAQ",
    "token_address": "FbNT6pcabVdF4TwFjamCsAp3Ubfrev5AtoT57z7Spump",
    "entry_price": 3.64632736553205e-08,
    "amount": 685621.3799210581,
    "entry_time": 714235.817527625,
    "entry_tx": "58xpJvUDndm4yzbgVQBF7tNV6W7mGFzHfk17sHyh4ZathoyHeNfjtUPp4ydzHAJ8YAsDWfeFhXx6P7mupGekGgPg",
    "timestamp": "2025-05-14T05:04:31.569671"
  },
  {
    "token_symbol": "EMMA",
    "token_address": "8SXt5krtmEuPCxnVo1SxPH7w1VTsqbJhEoh89VKSpump",
    "entry_price": 3.376950873502595e-08,
    "amount": 740312.8128443824,
    "entry_time": 714336.315889333,
    "entry_tx": "5Jm8DpMATQJgqPcG1EUbWvbnwkT9cszwYiFMKD4XYcjuqhbbGBLHwvKpw3WDPtBjh1k4DK7DZQLNCzQeKLaY57rh",
    "timestamp": "2025-05-14T05:06:12.066837"
  },
  {
    "token_symbol": "EMMA",
    "token_address": "HJR8RgJJj9u7FX2CCTiRDXwEDBtHUfGvuor4RAxQpump",
    "entry_price": 5.061134532014838e-08,
    "amount": 493960.3925139587,
    "entry_time": 714432.55571075,
    "entry_tx": "2zhuNo95P3YbGDg4YKVZx6A5cUhBRXqQETVtTKSReQ8Pwv9ZGmPEnmHJSa1RjMkNn5Y9TB9nbEdVwyN7kr1CLNS7",
    "timestamp": "2025-05-14T05:07:48.305429"
  },
  {
    "token_symbol": "frank",
    "token_address": "EBtCf2VREp8LQGEGM5gsdywKw1QygCX8FqF9xdcspump",
    "entry_price": 3.892185199232877e-08,
    "amount": 642312.7040544559,
    "entry_time": 714503.274513125,
    "entry_tx": "5VJPitUMdyKHJeidYLa1P2wp87bRwBHFPp3RZqCSSNhcTi2u1efWY7mb3QwLyEcrYRUEgkSnDPF1qYNsHkniovz7",
    "timestamp": "2025-05-14T05:08:59.023317"
  },
  {
    "token_symbol": "WHISK",
    "token_address": "Q5sU6H9FSjwhrycoVr1ARBk4A1bdtJd8mWSYbAVpump",
    "entry_price": 3.079553717546309e-08,
    "amount": 811805.9398528438,
    "entry_time": 714538.390792208,
    "entry_tx": "2YLpCRLh9N9EqmGgc4vfwJZw4HFnpoAujGdPuVcw1i5qhLUBPHxSXateBXAwGeq76qHNHXbBGKvWHZUKPf254yrx",
    "timestamp": "2025-05-14T05:09:34.139172"
  },
  {
    "token_symbol": "Eloncore",
    "token_address": "DKEt3Jetfm4rrpsiG7m13nmRTWahiJNj6UZ3zvkjpump",
    "entry_price": 3.901928636448401e-08,
    "amount": 640708.7963237433,
    "entry_time": 714594.587987416,
    "entry_tx": "62nuSsydtigW1qVe2M6w5FnVRFocEkvKWJyPD24nuc5jGs6iGUUQa1EL69ZfdAzBmJ7a8sDqFsVxiR6QyHxGcRq1",
    "timestamp": "2025-05-14T05:10:30.335601"
  },
  {
    "token_symbol": "poog",
    "token_address": "A2p7dcGEMUst7bbseg29qNUNdoDdA6BT4Mi4AHD1pump",
    "entry_price": 3.7838162632922046e-08,
    "amount": 660708.6142773783,
    "entry_time": 714694.187661083,
    "entry_tx": "29hVpNWAHpDvAazgqWnzwhzJq5iqedKN2C8URwnXehNAD8Jb8hi6rBCoRrV334JjkGZWQfwvLJJhxZvsMzDBMka9",
    "timestamp": "2025-05-14T05:12:09.933970"
  },
  {
    "token_symbol": "VISBUG",
    "token_address": "4bg7QRwA4oqCMEBiLUmGN3eUpoPi7ZRrXLUcjmWsJe7b",
    "entry_price": 6.360865175520341e-08,
    "amount": 393028.2958395658,
    "entry_time": 714842.37861275,
    "entry_tx": "4W1AmWLsuLGLAxWmURs1wG1wJ8uyAYAvQA8ovP6UarjwsyiffyQYLLbbdkyDNv12CdG2d2tZ9kemdo8peKNmMCsa",
    "timestamp": "2025-05-14T05:14:38.123035"
  },
  {
    "token_symbol": "titi",
    "token_address": "AL1uvGLvrh7Vv85uvQ6XV9n5Tgy3wjLsUSdgra7rpump",
    "entry_price": 4.555820374849291e-08,
    "amount": 548748.5884652995,
    "entry_time": 714850.447537041,
    "entry_tx": "3SwZU1q7Wk1FNBp1f6F88dGhPnzxghZ3NqJax4MWYdUCATYNBtUUg2F2dBBVYCZv6jwLT5qaHHFGKUu4G6RhwQAP",
    "timestamp": "2025-05-14T05:14:46.191873"
  },
  {
    "token_symbol": "BlackCock",
    "token_address": "FaKcSmN8VZYUppneb2PiE3SgTCP8x3M4sQHQBdZApump",
    "entry_price": 3.805961331219811e-08,
    "amount": 656864.2669836979,
    "entry_time": 714883.738057625,
    "entry_tx": "2x4KKegptQVvJ66BPs39E8zjBEr2TG9EUwk9VqSYnbaJsfkKJWsk6J6SNraBzsso6AwoxnRamX3pMC8dKbVFozXf",
    "timestamp": "2025-05-14T05:15:19.481981"
  },
  {
    "token_symbol": "STONKS",
    "token_address": "WXEp8uC2pndDrp4pENa1iDRLATWGirTv7ZG1VhUpump",
    "entry_price": 3.7652747404219285e-08,
    "amount": 663962.1733737963,
    "entry_time": 714937.969102541,
    "entry_tx": "N9e9iUHnQQXrJn3nB7qPB3G9dZTf4SdLHbiKpZDhWWFWioz1wrkGauiPTQ4VpSq5vfVPSzuDcCzQ8UniKCzBGNj",
    "timestamp": "2025-05-14T05:16:13.712382"
  },
  {
    "token_symbol": "ape",
    "token_address": "61U5QDufC3aCvujKuWSDmwZfarLKJBc65Dyesh9Gpump",
    "entry_price": 4.368636465396985e-08,
    "amount": 572260.9376637205,
    "entry_time": 714974.553717708,
    "entry_tx": "7ZaiW76JoxViErHa3wHLmAHKrr8e41wtSScyLKnzJ9dzAiXUfHUJQE3FrpXUYbGNDTPBDT3RH2uZmpGtb2e9BsN",
    "timestamp": "2025-05-14T05:16:50.296536"
  },
  {
    "token_symbol": "ch0pd",
    "token_address": "Aaem2SBs9MJMdgeiRAn9N5v5uavjsP49AWvCGg8Qpump",
    "entry_price": 3.463000630185776e-08,
    "amount": 721917.2812757718,
    "entry_time": 715064.219346458,
    "entry_tx": "3wX4NJd9arXhtEqp7N6w8vQZomsV1jZGcH5NmDev2NyH49F1RqnyhFT58qxfGopDC9uq6a1yU3NMmWWMFPAKX5M2",
    "timestamp": "2025-05-14T05:18:19.961021"
  },
  {
    "token_symbol": "ATV",
    "token_address": "diPL7HHpzosBuVka5vbdgAK8mhkM8GAF7y3znSepump",
    "entry_price": 6.297721869484687e-08,
    "amount": 396968.943978557,
    "entry_time": 715070.298985333,
    "entry_tx": "5VKxgDBCAG4pcdQ6TbC1uN77yNUbBQkY7FtRmALhULsBMc2vVAoZbcpWap4xLHDKKERBfFr4ytXqTdRmLf9uZ2or",
    "timestamp": "2025-05-14T05:18:26.040562"
  },
  {
    "token_symbol": "CR",
    "token_address": "7LpHYw1PPNgdgPATDG7JDtQS8KjHuyjjC6zDT1ZYpump",
    "entry_price": 3.200879177450315e-08,
    "amount": 781035.4160232297,
    "entry_time": 715204.845594958,
    "entry_tx": "2LEZyXdyi2NJt2H6mhDbNyZ4kdpZ6ifPfYZoK83tgUn7JhSnJCAx3DQS3F2rw2otgGqQge8T2fjm1B4b38D976tL",
    "timestamp": "2025-05-14T05:20:40.546466"
  },
  {
    "token_symbol": "Launchcoin",
    "token_address": "4XUqcKf8deodAydg8m1E71mW2JuPhjBApyfDZP6Jpump",
    "entry_price": 3.649692779688024e-08,
    "amount": 684989.1623518241,
    "entry_time": 715343.739784958,
    "entry_tx": "2nefXw62MC9YSxVKqncwPLRSrpoTHtu7aCYR8xALVip6CDuffmxSYaRNLEdzdrenEbX85Fso9CH8UzdAWzt1kCU3",
    "timestamp": "2025-05-14T05:22:59.437597"
  },
  {
    "token_symbol": "HI69",
    "token_address": "CTepBpTEpnFUkH3DjbQRE2gPugeLMLpMLSK68mfcpump",
    "entry_price": 3.1024632682726055e-08,
    "amount": 805811.3130834758,
    "entry_time": 715464.477325458,
    "entry_tx": "5Bb1Y2MWy8iwVidvvAzPUgEfa8d8ZRFJmAA1VrhCMfomLpqdgHhXKDCmhRv5F3iYJ33rdQYTs9KTJFxrpCxA1kHf",
    "timestamp": "2025-05-14T05:25:00.172907"
  },
  {
    "token_symbol": "GG",
    "token_address": "A9ohC8VYBsozx54hh9SBFhJ3wvKRVR9HNB1BAtKkpump",
    "entry_price": 3.981542385022316e-08,
    "amount": 627897.371984397,
    "entry_time": 715515.478123833,
    "entry_tx": "2XKpHrfq39y3gmG1sjdBqkwT7EXNd8jGPMFqGSrfUewGb5rDgyAsWCsgJCKuypsMWYMy5yXKpF8DoFEm2uHxvcDr",
    "timestamp": "2025-05-14T05:25:51.172549"
  },
  {
    "token_symbol": "Greenie",
    "token_address": "6fJnWBf34vK1RFMJAeDEhLap1fTonFGqwmwbWcVQpump",
    "entry_price": 3.58672281964269e-08,
    "amount": 697015.1098124306,
    "entry_time": 715751.6255015,
    "entry_tx": "66xfY8QagmRxM1Qv9ggVuUKanYHjnf6jUaUGW2ZKyiEtB9XZNtbj8EhoSoxHcB1zas4H91HxnnPXTWrWLfiPDZWW",
    "timestamp": "2025-05-14T05:29:47.314870"
  },
  {
    "token_symbol": "RETRO",
    "token_address": "PQkU3im2aLg2cmuuP2Yq5kPNCru98wSuncEgLgWpump",
    "entry_price": 4.967366535178728e-08,
    "amount": 503284.78526701854,
    "entry_time": 715757.925757541,
    "entry_tx": "2kvrWSSDrva2oTqus4wbEDMr1cn599jUohMkaR4iGyAbqwUdQyeZsuXWLmTgVTRBf2fsp3q8ecrFNqZfh3TwoMz6",
    "timestamp": "2025-05-14T05:29:53.615009"
  },
  {
    "token_symbol": "JP",
    "token_address": "GsSvWbhP927Vdq91wLmTgiqLX8ZzE4Pi6QQ3NLynpump",
    "entry_price": 3.703459261221238e-08,
    "amount": 675044.5525828763,
    "entry_time": 715813.57930275,
    "entry_tx": "yBJpvSZmvSPmP8Zd4qW5AMEa4ktS4EJiB6m9Q64me3L6FZK5Foqptra2D2swKnXjYSpeMBce6bMnESUVPSkMtNd",
    "timestamp": "2025-05-14T05:30:49.267630"
  },
  {
    "token_symbol": "BTC",
    "token_address": "8vVGYGwpChc86gumDGrZMNuMUKVfGrLggTSZ4MY9pump",
    "entry_price": 3.770877100709892e-08,
    "amount": 662975.7303756622,
    "entry_time": 737620.012526333,
    "entry_tx": "2i4S9GxdkiHEPg3cHzMeThPuvfsqTWaaNK6kAu1tm72En7gjNbHBbGRFBJW11W7RCeBbp7BsWsFFrrFFBo9Hnv5b",
    "timestamp": "2025-05-14T12:16:05.583382"
  },
  {
    "token_symbol": "GC",
    "token_address": "ZyGjj6CSYDsH98zQM6b6CJfshPSAbmRCphJAnSXpump",
    "entry_price": 6.061266499118885e-08,
    "amount": 412455.053801614,
    "entry_time": 737683.463664083,
    "entry_tx": "48D6CNFyZkPrPKYKXD7KCN6dx2cF2cWPvBxv6NFto6CCqNDPzsXVLQLNNoebi8jUVPTMkgBqvw9w82bestKvUSv2",
    "timestamp": "2025-05-14T12:17:09.032332"
  },
  {
    "token_symbol": "PT",
    "token_address": "9VT5qCSHp8NRdgoo5da8Hz39sqqZHfcanqpwACKcpump",
    "entry_price": 3.2869712574928004e-08,
    "amount": 760578.6008323428,
    "entry_time": 737709.999289333,
    "entry_tx": "5gaTTdSyUprutnyJHA6Ys6oTUsgsVp7dLSKdUycccaNNWfuxmKjp4XqQJW91nukMqpQzE4oBvWG3vCnRGqmCdWap",
    "timestamp": "2025-05-14T12:17:35.567036"
  },
  {
    "token_symbol": "bunnycore",
    "token_address": "DHSkxFyvyk863CvUFpDXfj3zPJ7TSuw7hxRPefD9pump",
    "entry_price": 4.0726300362558305e-08,
    "amount": 613853.9414933877,
    "entry_time": 737793.411398833,
    "entry_tx": "ty8RjB2CXmexSTfijreckfa3EK7g2YPcp8WU5yWfxzRxPioZntwTfNi1zL1LUfjz7FNzAMvgsySKqXbBUE3Arb8",
    "timestamp": "2025-05-14T12:18:58.976230"
  },
  {
    "token_symbol": "P1PE",
    "token_address": "fitGMKB7NnAqf3L3fya3x47RM9oDCwZRaHVwdpEpumP",
    "entry_price": 4.9709479837521286e-08,
    "amount": 502922.1806728646,
    "entry_time": 737832.765459,
    "entry_tx": "4T9vZ8xmPUnmxAp4dgEXaDN6XJP5jCg72eyUFF5aRKzsWLbAwuMdUc1vi84QXwjoeukoxCTBjoWRkTGKzDQPuBnA",
    "timestamp": "2025-05-14T12:19:38.328949"
  },
  {
    "token_symbol": "VEIL",
    "token_address": "9ucJecxjS4FxUmKXCqCLCcpbCatsiinKRAzsz7jQpump",
    "entry_price": 4.806883200934011e-08,
    "amount": 520087.5277173851,
    "entry_time": 737924.421230125,
    "entry_tx": "5SHagGx64mbfbkb4qY7q14dUroBP6wjJf45jHy6Mn5zZeh3iJVjnnVnQCThcvuAbYY5iVW5NkrfJubisnmkjWvgv",
    "timestamp": "2025-05-14T12:21:09.981571"
  },
  {
    "token_symbol": "SOP",
    "token_address": "AdUPssTv39xtBsNjwpD1bKmPNxELoQj6oJkD3BJKpump",
    "entry_price": 3.655883573509094e-08,
    "amount": 683829.2165853573,
    "entry_time": 738851.97768975,
    "entry_tx": "47YTCzPFaiK9i7SzRiBLcCM1UdcCHAmSbZ58caw5gEL8aUPyEvjej4KVjnWxTNP6KDPzCe8JLyS1JSQjE5QsdLHV",
    "timestamp": "2025-05-14T12:36:37.505594"
  },
  {
    "token_symbol": "COOL",
    "token_address": "5mV66Wpf4KwkYdVr4bERs3C4Vj3AqLGf9t9Vnvvgpump",
    "entry_price": 3.6320351699860145e-08,
    "amount": 688319.3259413362,
    "entry_time": 738975.168254916,
    "entry_tx": "5z6DZ9JVabMmYxVw7fTgmpvG8VWVQsau4Hui8a7Rvm3YSagx9ucdq2EPWMWBunTw8MTa8qqZb3HWC4Q5YConNAxr",
    "timestamp": "2025-05-14T12:38:40.691814"
  },
  {
    "token_symbol": "driftcore",
    "token_address": "6XYJt7j99zNncoEGSAQBfLg3JHBbenYxjmHbR3q5pump",
    "entry_price": 5.1288083222593925e-08,
    "amount": 487442.6656090505,
    "entry_time": 738981.253892833,
    "entry_tx": "4vWKgzgfYzsKZtnLK3AKMRkHMtwgMn8danuwTkyqn7WYm8pA3tfMmgXuoC762XxWfQH7o7sn9r6Lesc66ZCdvLik",
    "timestamp": "2025-05-14T12:38:46.777267"
  },
  {
    "token_symbol": "ZMB",
    "token_address": "JBrduKatPkLErcAErCsjW2TQ9vcQpozUYKMCM9n4pump",
    "entry_price": 3.6077793176521796e-08,
    "amount": 692947.0402382914,
    "entry_time": 740937.243437416,
    "entry_tx": "4H2bikEWWPZNXEPvkaAyuNpcWinFr9VM1871VM5L3p5pXQATBWAnorMj3AS3yRk3od5rvQZMdjpGbENufJqsAriP",
    "timestamp": "2025-05-14T13:11:22.745699"
  },
  {
    "token_symbol": "FTC",
    "token_address": "2DDdU4WtETrT6B1rMB57Uu3EemvNtwN3NwFvHBcvpump",
    "entry_price": 3.79709475150488e-08,
    "amount": 658398.1079242729,
    "entry_time": 740951.147772291,
    "entry_tx": "bAeftmmM2yfMtD4UmwyxoecgiNe6uft4oSoZKaGpLNzfL2SzM2TWSkDApgWYSbYRXKKYkuLpukpZU7yY2hwecYg",
    "timestamp": "2025-05-14T13:11:36.652884"
  },
  {
    "token_symbol": "FAP500",
    "token_address": "798rF66LZKqyFmPaFCpwdPKppw3jB9P8Z33nE6XMpump",
    "entry_price": 5.448794552786463e-08,
    "amount": 458817.0788567397,
    "entry_time": 741016.255362166,
    "entry_tx": "5DU7NZecWUMChHRvxUwNp5sJq1j98Uwycm5ZLspTqEsjm15Gw7xYPz3b4NoZeRpjRgM2GuHWbnqy6M4aQTG5jFg9",
    "timestamp": "2025-05-14T13:12:41.755462"
  },
  {
    "token_symbol": "MORRIS",
    "token_address": "HJTNC1eLHqw7nbuzcqaYkaYsHiw2Z5PaSWSUExeGpump",
    "entry_price": 3.20677310238973e-08,
    "amount": 779599.9031353254,
    "entry_time": 741109.037313208,
    "entry_tx": "5VFCnEnzpCkWnEo9RcDZFtNjDEqQxnveChAtzrCB31ThUXwUBAALwohKs4k16mK3A3rYSz7B6QT8mQMUCmckgtHJ",
    "timestamp": "2025-05-14T13:14:14.534991"
  },
  {
    "token_symbol": "VALERIA",
    "token_address": "8hT9FReQToPc1JG4cTadJTLbRr74tdHVEqLvG5oZpump",
    "entry_price": 4.658180895279662e-08,
    "amount": 536690.1922021447,
    "entry_time": 742269.695215375,
    "entry_tx": "3cti9Z3eqogxm6Qo1eVR6C5hKiuUAohkxjmavsNDN6sEbmuDfVf86Gt1UATJ7H4FTDXcPzSPh3PGtaGYQy3tQDkB",
    "timestamp": "2025-05-14T13:33:35.162466"
  },
  {
    "token_symbol": "VIRGIN",
    "token_address": "HuJPyeTj9oCLLGEBhsMPcmTh6nq4yuwecSUqDwcfpump",
    "entry_price": 3.412506744781775e-08,
    "amount": 710621.3060847959,
    "entry_time": 742725.847694916,
    "entry_tx": "4ht7LSbLU3dbDugmqMuPnZEH73xLpocwzHtMPXhWta7VFmnsLETVdjNeTXRGTNVu9BBiJGY1H3aGnY6jFHQbDPjH",
    "timestamp": "2025-05-14T13:41:11.302981"
  },
  {
    "token_symbol": "Masterbate",
    "token_address": "5GsUoeHPUkur8ike4CsKSwsmwUbNEwjuqDJmijPxpump",
    "entry_price": 3.345732937385441e-08,
    "amount": 724803.8159002141,
    "entry_time": 742741.678861291,
    "entry_tx": "2RyTXwZMQSVBvzakswdSgHAdva2yHLuTBqDc3moaYSQANy8rbbhfHFfkGYW8GQNLX1xvcVqT9d4HXuz34ih7Wyeb",
    "timestamp": "2025-05-14T13:41:27.133884"
  },
  {
    "token_symbol": "TFNY",
    "token_address": "12Vshk6W7xX77bbS5291fav5AWo9Mz8FWMdrJL9Zpump",
    "entry_price": 7.153035031800504e-08,
    "amount": 339016.93326246704,
    "entry_time": 743906.492732125,
    "entry_tx": "5H7NDN4WShSsSQ44ZmAdWhoZExoUU4GNrTVpHvQCJpa4JdpiF9LgeyPwfTZnU7up7dZeBmcrdWMNn4z67SbVdVrQ",
    "timestamp": "2025-05-14T14:00:51.987752"
  },
  {
    "token_symbol": "SCHIZOCOIN",
    "token_address": "5rFAdj8jby8cCi5UrD9WDV8Rnzbx2xmaUXwqCjf3pump",
    "entry_price": 3.771040647400605e-08,
    "amount": 643058.5683746377,
    "entry_time": 743919.464114875,
    "entry_tx": "2B3tXG7T3x4TU1oJF7AuXUkdLLN1epwUmoBosBijxSq5cyMJnfS5vdfDk8Hu29a2z8CCmU6UkQFqLEJ9GaavFqZc",
    "timestamp": "2025-05-14T14:01:04.958898"
  },
  {
    "token_symbol": "POPPY",
    "token_address": "94tXpHDRA7cvj7zTtG4MWZETzUwor7k1W2j7rj1gpump",
    "entry_price": 3.447046539631042e-08,
    "amount": 703500.800502555,
    "entry_time": 744268.712200375,
    "entry_tx": "45WbjnbZ1EfmjNAzQNwVq1eBX4DYt3mMDFa1QWGCVsY6tUdMxE4mhyYM4aV9B1cG4vJuy511qN3AfMSnn2Stgk6x",
    "timestamp": "2025-05-14T14:06:54.202509"
  },
  {
    "token_symbol": "GCA",
    "token_address": "G2JB9SVSKXXTkxLbspsCCW3ycJCdHgfQQX4Cs7Dcpump",
    "entry_price": 3.810677230108482e-08,
    "amount": 636369.8244605632,
    "entry_time": 744343.643303416,
    "entry_tx": "4rZaXqC1gAHQGdJqFnZB6jLM9XvBCYRy55i3Qdoy2ktbaCAiKRRpgBP8jduSHJ4if5iLESezkNrF3Dn4SDNhJmTo",
    "timestamp": "2025-05-14T14:08:09.132548"
  },
  {
    "token_symbol": "Henry",
    "token_address": "8tBtnWneRSQbhCr12f7gqeB9V4ufhTY1hkCe1cUTpump",
    "entry_price": 3.284953095858295e-08,
    "amount": 738214.4978135203,
    "entry_time": 744357.298632958,
    "entry_tx": "4f82P7EusGb7nmZbatLLehXUih6UR4u4wkvnC7QUrLE7LdM6hLR11WvwCN3pXDuQd5qxUkDBMPpoL8FGgVMn9DnU",
    "timestamp": "2025-05-14T14:08:22.787675"
  },
  {
    "token_symbol": "America",
    "token_address": "6p3G6xnG8cWrLrLuypE2ipLWufkZphggnNbVkJF4pump",
    "entry_price": 5.7096839391469925e-08,
    "amount": 424717.0291465007,
    "entry_time": 744376.225786125,
    "entry_tx": "4vFQMZiLqgZvy38NtJA3QeYp2qvgr9ef2yiEAjiTbPMaCZvovetquXRmhbBZpJhGoocLpuiZCgAhRLYF74475bWC",
    "timestamp": "2025-05-14T14:08:41.714627"
  },
  {
    "token_symbol": "HENRY",
    "token_address": "BM5zj5iRFNcWVtih2zEzsLvCfXhELVFUQq6wragTpump",
    "entry_price": 3.378979376739517e-08,
    "amount": 717672.3293114498,
    "entry_time": 744403.057992333,
    "entry_tx": "3esNyYCqHNLZgb5Uz4dKarNuo5buoGGhPN9rShBv6K5koM1FANavTp9TwkhvrrgGo9aLec7kRyC1z3RYgS2xmZuG",
    "timestamp": "2025-05-14T14:09:08.546472"
  },
  {
    "token_symbol": "VOICE",
    "token_address": "5TkgXRzbs3Fm4Tr92JLwbTgdExD2fzLpRsKGLk1Mpump",
    "entry_price": 3.406323233090021e-08,
    "amount": 711911.2996802066,
    "entry_time": 745105.880911041,
    "entry_tx": "4Pq5MKGrVFTxfzNsk9cFrP7nKasEXU5cCmWi1KQ23aQ58bJxYAvj1YRLtZ4JmdNc5Ri8AbrZEyZWy3CHYhyh7jhb",
    "timestamp": "2025-05-14T14:20:51.360119"
  },
  {
    "token_symbol": "QIBAO",
    "token_address": "CiyDcidq9co3TePJmBB23V3t83jkks4tGPos2Bzzpump",
    "entry_price": 3.1771765436184794e-08,
    "amount": 763256.2958677055,
    "entry_time": 745140.486931541,
    "entry_tx": "66C9xmj2kyibK5fwx8obFALrNCn3PAFY4TKWGZML8iw2T8RycRM2C7f5XkSZrjr5vjyyL9C2u6HLMLbD3oh9BaDa",
    "timestamp": "2025-05-14T14:21:25.965525"
  },
  {
    "token_symbol": "NIPPLE",
    "token_address": "5nFt8Ksr9J8rqGUttXsg8n3r4sAbUuGYk5pTxqo3pump",
    "entry_price": 3.725581417893167e-08,
    "amount": 671036.2006834791,
    "entry_time": 746327.337353708,
    "entry_tx": "4TShTXJKLZodZ2HQAHpSRheQqn7MbLPbwkvPBgWC6boUgzGsqViCzWGciddDR9aBXUEe3DH7CaXEJJGtGtb9e3E8",
    "timestamp": "2025-05-14T14:41:12.825497"
  },
  {
    "token_symbol": "JACK",
    "token_address": "tJ69kb7tGxxYCRYGmx4HM4FnRHNL4UcxunsLzXKpump",
    "entry_price": 6.156455639811946e-08,
    "amount": 406077.8061703641,
    "entry_time": 746335.569787125,
    "entry_tx": "5V9wnPmeLtWKXgYCekHnSZ8uDp5G8UVbMF3nrXoLtoMkJ95jdmFGARmydJd64p3BtHBtLyEYSA2VMsot2rs3PU42",
    "timestamp": "2025-05-14T14:41:21.057785"
  },
  {
    "token_symbol": "MAY",
    "token_address": "Ce8mC3fXYmFaqE1YFUe5cwHUyuQ8iu4tVCCDP7Vfpump",
    "entry_price": 3.8344302867201867e-08,
    "amount": 651987.339203498,
    "entry_time": 746377.661625291,
    "entry_tx": "HbXvmBYvkfGAs2NMkNduuUUW1EDWdzmcPAnzMexppamq1MgA2F9LtFMPzunU1hKkk9G3g1ysL6y2ftwzBr7c3hz",
    "timestamp": "2025-05-14T14:42:03.149332"
  },
  {
    "token_symbol": "LEOXIV",
    "token_address": "8NSuUe1H8qcPjrAKVxCQuPriWu8WsAYQmBvMuaHdpump",
    "entry_price": 4.94531586195956e-08,
    "amount": 505528.8822359238,
    "entry_time": 746405.981687208,
    "entry_tx": "2R6pA57DSjkv3rqBtpoHsdW3wTBH43NPcDa4qdwQJMPHEbLYvxqMRbHKXpgPDYeYpSju8DvEyAEFnz9MPyFSrrPn",
    "timestamp": "2025-05-14T14:42:31.469242"
  },
  {
    "token_symbol": "GOONPOPE",
    "token_address": "E12NMnURWJt8SarBh4WjHvMjqUSghKFvmurj4qVfnvYe",
    "entry_price": 3.5911775920835506e-08,
    "amount": 348075.239374271,
    "entry_time": 746958.046153666,
    "entry_tx": "5oMxKhoirTeJqhGCzcs3Q2zPdF3ZfPSg2r99MGLVXQ4GWNZVAhrAY5UbrUWjYBj7VqFvWXbMTgg6Wr8pGUMWmZr6",
    "timestamp": "2025-05-14T14:51:43.529165"
  },
  {
    "token_symbol": "OCEAN",
    "token_address": "ELZq3abmLFEcnYhVFj1fXrEQLRwpdaqnsU9RSak8pump",
    "entry_price": 4.573074541652634e-08,
    "amount": 273339.082626952,
    "entry_time": 747000.295059041,
    "entry_tx": "5JC5qFDsnjtetrktVPSms9M4YAqkJ57EJbNtsCbgqbpSimdNqS4iUdebxU1yfM8GgLMHMRRNeVQ8i1qWSB1tMgnH",
    "timestamp": "2025-05-14T14:52:25.777765"
  },
  {
    "token_symbol": "GOONPOPE",
    "token_address": "4UBLKLiHGw51tCmHX5bF8L3rNE9RJCD7eF8u6FnKmcBb",
    "entry_price": 5.9549615880397e-08,
    "amount": 209908.99462904592,
    "entry_time": 747006.330649125,
    "entry_tx": "5qi1AU5t8YrTtCeZ2ZccH78kcMM1oZEdb4e2TcnjW1S7qvuJmxLeoUomB3AxdAJ5u71nvbi6usCfp7H2zV7ZHA9n",
    "timestamp": "2025-05-14T14:52:31.813246"
  },
  {
    "token_symbol": "Agnes",
    "token_address": "H9rwNug5Xza3Ynkdv57RU9n92WTLQfj44yLki39fpump",
    "entry_price": 3.5828160892380424e-08,
    "amount": 348887.5702425009,
    "entry_time": 747053.350315,
    "entry_tx": "GZBskLJpHihuCG8LdRxJj5Zw34Gaz7Abc96wKjoUUweyDbhfkzVSQoVRgKCswdpcV9wUZJDQVoJLgVAygBcLEzY",
    "timestamp": "2025-05-14T14:53:18.832577"
  },
  {
    "token_symbol": "Millie",
    "token_address": "Bxw6joL37kKCxpURqjHHZUF9MBA3aM9kE4pt9gLFpump",
    "entry_price": 3.177176543519131e-08,
    "amount": 786862.1607129609,
    "entry_time": 747358.8386445,
    "entry_tx": "58QGvUFdi1iia83rba3sf6tPiaHnjfkVuqTjYw2bh2ydsmJdMby7dLd6gh3oqLAKrkUzN9CDyCegEQzFPYbJ3koh",
    "timestamp": "2025-05-14T14:58:24.318445"
  },
  {
    "token_symbol": "JELLY",
    "token_address": "CUZcVXY8kTsnxzzUyxbJzE1BB7VzMkH1EwFt55zipump",
    "entry_price": 3.1201220531779586e-08,
    "amount": 801250.7066682403,
    "entry_time": 747364.764915208,
    "entry_tx": "2ZvSh756dHa5hXZwongb2bK6rDYFuAqj6VXxneHn2yX2ypDcDsLWCWGaJesqawMUbYiBT2neSZdBE68oN8wYHvEq",
    "timestamp": "2025-05-14T14:58:30.244763"
  },
  {
    "token_symbol": "SAP",
    "token_address": "8pjRvyutcEEhGiARDx2YoEZYsDq8aJtViajbGgSdpump",
    "entry_price": 3.13990773626642e-08,
    "amount": 796201.73902711,
    "entry_time": 747460.345871708,
    "entry_tx": "5uwSpgzP7JYd7NcXYAYk1hFdEp18ndwB2AsbptBeU6ScaFrMHssyvFkVYpWoR8kGKGF4Gg6zT2v1ji1xE3wXEwSe",
    "timestamp": "2025-05-14T15:00:05.824920"
  },
  {
    "token_symbol": "blacktit",
    "token_address": "9EMugD6wdNKReKBjh4geRRhX38F9njeRLUzjaRerpump",
    "entry_price": 3.629707810192204e-08,
    "amount": 68876.06746140863,
    "entry_time": 748020.794935875,
    "entry_tx": "2GscwrpvFUcCQzp3gMR8AoeJdud9y18Hjn99N35EYxYq5uZBaGxHrUiwEUFJ1rw3U2txm5ZnFFgeJF9xviD5HDdo",
    "timestamp": "2025-05-14T15:09:26.269508"
  },
  {
    "token_symbol": "Amazonifiy",
    "token_address": "EN2kTyCX621qMdw35YavZkLsxJh6a9SmnnCd8h2bpump",
    "entry_price": 6.330763542456305e-08,
    "amount": 39489.70741418676,
    "entry_time": 748075.529890708,
    "entry_tx": "UyAZrZWZ5sAeYobSuwYDH4rm6ZuKAqfpXhtcBFH1BtQVyyNFWfxjQkjLadd94aQ7TR2yh6WMjz25WB2u5HWCEpE",
    "timestamp": "2025-05-14T15:10:21.003962"
  },
  {
    "token_symbol": "ETH",
    "token_address": "FwpgQ6G4qogHTDgGe9xLwiEApHTtyWRSqERb8w6xpump",
    "entry_price": 3.743457611663799e-08,
    "amount": 66783.17906447088,
    "entry_time": 748339.95815425,
    "entry_tx": "2kgyhHbijoQcEEtAX7CYPEQxdtChXFwjGJuLBGeDnSC3cTsH1syFmuZSok5Hr4eaidfjqsbtDYFrvq5QFznP2kPM",
    "timestamp": "2025-05-14T15:14:45.430018"
  },
  {
    "token_symbol": "FAIR",
    "token_address": "9Wi2sbjQiZyTn9iXuwG4J1zPx4hBywf5FTWgV5Rb1FVa",
    "entry_price": 2.9491857447204383e-08,
    "amount": 84769.16058866215,
    "entry_time": 748370.753079041,
    "entry_tx": "5iLVu3EoDAJvwX1NX6vQvFXavVttv8uDxbzmdPQHDNcGtDw2YGwGhZaqQDhuJ2pHbFosfvEu2x2aYuSWD6mdHnvq",
    "timestamp": "2025-05-14T15:15:16.224637"
  },
  {
    "token_symbol": "Yours",
    "token_address": "owG3LqcUDZibvAKxvWwfLdoWmFEXEU3bet9NpP1pump",
    "entry_price": 5.97748228221136e-08,
    "amount": 41823.628778287726,
    "entry_time": 748450.6211025,
    "entry_tx": "3R2ytA1FaBuPert87hcYWAfxzG81MdwZR7jV1Hssn9YEpcd46BuVq7K9JSLRQnhDFtWvB3SNyCVLnEigieRV3wW8",
    "timestamp": "2025-05-14T15:16:36.092044"
  },
  {
    "token_symbol": "tag",
    "token_address": "AoSJrCt2DDM3xShisCX7v57LQSemfoXnBHrGurmKpump",
    "entry_price": 3.698019326543777e-08,
    "amount": 67603.75701812615,
    "entry_time": 748552.286767208,
    "entry_tx": "ngnqtuMyq4MT7KpNWYKRG85Zq9wBN6Li2jdWhEbsGhyZpd5WeLrtphdxGBvv4ek3S7vkQpLSZttkuH8yAezzgWd",
    "timestamp": "2025-05-14T15:18:17.756909"
  },
  {
    "token_symbol": "Dr. Purpy",
    "token_address": "3KNsrqnsn8aGwtsZdnE4i4rATdUMmrXF7yL7z6Xdpump",
    "entry_price": 4.026095284361604e-08,
    "amount": 62094.90395596565,
    "entry_time": 748783.910618791,
    "entry_tx": "PAfT6XeBBKtdi2Bt911GexBCLCBLw4gykxmo6VQcxo8n4y41XBbGYGGwCqRbxxTd22nYd66dQnA9DQasAYA2wEX",
    "timestamp": "2025-05-14T15:22:09.378909"
  },
  {
    "token_symbol": "Battle",
    "token_address": "67BKwn44Sd2F7T39MC23Bt9jcFczY9x4BaCK6AFMpump",
    "entry_price": 4.7477807015613495e-08,
    "amount": 52656.181006377425,
    "entry_time": 748893.89142725,
    "entry_tx": "3oDmaaMc9DoQ4iFx2NwFTD8MnkY5RZ7zpxMzdGriKQeUB6rhc2vBX17i8CE5QNZEeggYLApRz6843L3ARUNvNXZV",
    "timestamp": "2025-05-14T15:23:59.358820"
  },
  {
    "token_symbol": "APECOIN",
    "token_address": "9XpE2684WBPQsmUqufci8onNK3giaAng9SDLYZFhpump",
    "entry_price": 5.7717525330504075e-08,
    "amount": 138606.0811545562,
    "entry_time": 749639.7593725,
    "entry_tx": "51zN6NeNKXbzNsTSoSHVQrydA9F6GzZhoHjqLpxb1ymWvj9iJU1sRV3Zn4t8Sm6XDqNx71ihx1Asz9SsAXsdCfV",
    "timestamp": "2025-05-14T15:36:25.269082"
  },
  {
    "token_symbol": "APECOIN",
    "token_address": "9ANALe8Seb3Dcw2EPzDZxMs4xFmrVZR7D5fqeZ82pump",
    "entry_price": 5.744785313717493e-08,
    "amount": 139256.72698155438,
    "entry_time": 749872.721889083,
    "entry_tx": "a36hYSX7m9XfD6BCkEHiKGqMQMwipkT2CnGkRtR9JfKE12K7eK6acpwseHnxXWKuCyUNpkpCB3M3uYouHyo9Yer",
    "timestamp": "2025-05-14T15:40:18.232241"
  },
  {
    "token_symbol": "WF",
    "token_address": "BYHYGKEc1jn6cQi5J6RByn5aNaThqbFecoTdgf46pump",
    "entry_price": 9.108574911800577e-08,
    "amount": 87829.32651336746,
    "entry_time": 749998.23771325,
    "entry_tx": "QKd1VyV4xXJLsHh2djkcksaUFj2FnGQoHnBfbonuoQkrGjaBZux7HCQPx1yvwXdhadQ7UAaRKfanzCHHdei7rC7",
    "timestamp": "2025-05-14T15:42:23.748228"
  },
  {
    "token_symbol": "SORA.FUN",
    "token_address": "3M5vDfFcjG19Tc6Jir1gKGBk9P8TZrjtk8V21AzTpump",
    "entry_price": 2.833110797090445e-08,
    "amount": 282375.11954053683,
    "entry_time": 750036.771828541,
    "entry_tx": "57FJpyzGRw3yNR5n19eBRDx1DAGuBGex8JjDiWKHkWUB5ZYCteU2SuUQ5ixHej1CjiidSpL3VnvffjZ2Ahijz3EZ",
    "timestamp": "2025-05-14T15:43:02.282435"
  },
  {
    "token_symbol": "FUD",
    "token_address": "X7K7JroWM4JfCC54bz2L17LhSAhYWcd68EpH6T4pump",
    "entry_price": 2.8515377719607556e-08,
    "amount": 280550.3780684305,
    "entry_time": 750197.217784583,
    "entry_tx": "41Eq5LvhkaoJuEY7x2YVFvDQaG6cH54oUoc7iEcytSPqCFZoRBrFoYEUDeqnWZL3dx5gYkK6ZLZQHyoGA7AtW2xU",
    "timestamp": "2025-05-14T15:45:42.728633"
  },
  {
    "token_symbol": "RIPPLEUAE",
    "token_address": "5RwbMTi6tpWLijNksT3itNSiwmJuKMv6oHze4p3iTNHD",
    "entry_price": 2.7966185401697087e-08,
    "amount": 286059.7498404102,
    "entry_time": 752963.734686291,
    "entry_tx": "5nqmBuuhZLNKqLhhGEQsCgvB7z6CgxzqBy8wbkGWzhFAsZqguwZx6G5itfm9GxcQU6qpncaKBeXkRoRojSvxLTGn",
    "timestamp": "2025-05-14T16:31:49.297348"
  },
  {
    "token_symbol": "COOKED",
    "token_address": "59MxWHpTqUdPXoPnRWLHQJhWc6QPs2WoS2bmKQg2pump",
    "entry_price": 3.894918235074992e-08,
    "amount": 205395.8393261616,
    "entry_time": 753002.359604041,
    "entry_tx": "36PrJh7dQPBQcqJAUcMSUWKafCkU9bQiFQc8rMh4fqGzxAYUeQGjyTgV8YU2d7Ut6EeXWY7AM7PJMAzXu58vvHkQ",
    "timestamp": "2025-05-14T16:32:27.922945"
  },
  {
    "token_symbol": "JOHNNY",
    "token_address": "495SkHKxrvYnn9kSdVzWXnGox28Wc7mmFsgx6YSQpump",
    "entry_price": 2.820559618605564e-08,
    "amount": 283631.6576054174,
    "entry_time": 753019.680766125,
    "entry_tx": "4iEi4qVQTGTEho5jmcpJzGz1vTKiWv5ZDqKr2M67jUvQUiLev5Ufxghf2pYciJj1uR5qMZvCQgNy3xisTu5vJVRh",
    "timestamp": "2025-05-14T16:32:45.244294"
  },
  {
    "token_symbol": "LUCKY",
    "token_address": "8dSfnLf9GP725SmP4Hh4DVEvMJGdJWhaXByvLzB2pump",
    "entry_price": 3.651081965519428e-08,
    "amount": 219113.1307253976,
    "entry_time": 755597.176690833,
    "entry_tx": "32GWwBwZb359Lp7557cSqay1hMjkbB7L8ZGAFzoLuRu4eoVkJ4Gg1jD9Gf9nWzD9we53ju3xhAAGiW6v5a8cXtwX",
    "timestamp": "2025-05-14T17:15:42.770310"
  },
  {
    "token_symbol": "NASDAQ",
    "token_address": "4iubv9S6WbpygZJgpZE2kJxF2SrBFHR6vCyntkUXpump",
    "entry_price": 3.479413822301866e-08,
    "amount": 229923.78626315464,
    "entry_time": 755609.470502,
    "entry_tx": "29Sh7PgPBX1EbGrNWnpYNwZJEa6mQjS2UirQbSkTm73u29LijYUg8pTTSNNwpwzT4CUjfxFxZDgCsis2FTrfdh2H",
    "timestamp": "2025-05-14T17:15:55.065176"
  },
  {
    "token_symbol": "YOKI",
    "token_address": "45k4bKUfzzSvuZHs8a7mQRUZXCKSZSLrfTu1yogjpump",
    "entry_price": 3.376950873502595e-08,
    "amount": 236900.1001102024,
    "entry_time": 755618.312752666,
    "entry_tx": "5tAQrU9MhPrCB9TJQynGMEnzyfFtMLv4c3K6jyfnABisLDh98iBS2bxuRGbft1CLopuPEWbbYSYyGFa1mQy3oNzT",
    "timestamp": "2025-05-14T17:16:03.906554"
  },
  {
    "token_symbol": "ChadX",
    "token_address": "45UqmC9zo72cfZRyiP1SAASHJ9QTBGmFTf9HdPMipump",
    "entry_price": 3.406298142118286e-08,
    "amount": 234859.06594849663,
    "entry_time": 756366.337870916,
    "entry_tx": "4NQswZKJusGFzVWeVVyVp2AF71rrETZ91Td5kNLz8FrAnZF24uRZE6X34QimWHQ4hp5q9EArd1xKCSC73RYgsf5m",
    "timestamp": "2025-05-14T17:28:31.981975"
  },
  {
    "token_symbol": "bitcrocs",
    "token_address": "3nCdobbgyKythqph61jejpud4K7joqbBshJMHfzmpump",
    "entry_price": 5.504426310293504e-08,
    "amount": 145337.58014054384,
    "entry_time": 756412.570141541,
    "entry_tx": "44tqEY7rqabdFqe9xn3isv1S5S3VsqvWUb7aixVJ4boDUkLxDw3TYnmrwdV4rqkYV4MQMu9XeM1cr2ELDDh5eL2U",
    "timestamp": "2025-05-14T17:29:18.215209"
  },
  {
    "token_symbol": "Goongle",
    "token_address": "2Vczgdknzwyf2KcPHgHfzPYZ3MG4serRL8RH9MCdpump",
    "entry_price": 3.353763365616425e-08,
    "amount": 238537.99829820712,
    "entry_time": 758398.511569416,
    "entry_tx": "36Bg3AGjmRDxDEmmWkHRUZn4dLWADeMjMwYQtzvBRcKDeFEHyf3fVt1tfoFddns9S3aRRQ3QsMnaJibYLpukubje",
    "timestamp": "2025-05-14T18:02:24.197471"
  },
  {
    "token_symbol": "APE",
    "token_address": "HRg3nqppJEXo8DPYCn3tw353KoC2T6UDZUgQSiPLpump",
    "entry_price": 3.482816758467277e-08,
    "amount": 229699.13592355206,
    "entry_time": 758464.369748791,
    "entry_tx": "2mMYueTj6sg9RAp3KGP9RoeQ1A5VLh1eiAcxLbZfowcYWriyXh2ZVT6K65SuYmj8KoPiLRLrWpH9D85vMifUs7xy",
    "timestamp": "2025-05-14T18:03:30.056475"
  },
  {
    "token_symbol": "fartkitty ",
    "token_address": "6adySWZBVCyDHX1txArnpudJq6TJRToFKiKbTRPFpump",
    "entry_price": 4.519914914523859e-08,
    "amount": 176994.48222561824,
    "entry_time": 758474.141363333,
    "entry_tx": "2nuA1whT19RiMgvS1adzyfpdH7ReiRi5jHTn9FRYAcBDJ7iYbG8AQ5Ze61ZCVgtzii4rux9Ackws5APvURJt3dUs",
    "timestamp": "2025-05-14T18:03:39.828455"
  },
  {
    "token_symbol": "asiantits",
    "token_address": "22gJm8qH42yAGreSpFGHh3qcze239CcPmPHcMs4npump",
    "entry_price": 3.332359715758384e-08,
    "amount": 240070.12094669222,
    "entry_time": 758485.989514625,
    "entry_tx": "2V4kHRB6YBtmYWz9d8vYAnMgoQhuNNLWRbL99uBqeLD1dSbqLHL3Z3RUbQgYYkGn99rbyz26nfwDdEbzARET8xNt",
    "timestamp": "2025-05-14T18:03:51.677868"
  },
  {
    "token_symbol": "PVE",
    "token_address": "GfaoGPEuctaBHgxGhgtjCvnjvr2iESMcveowf8Xjpump",
    "entry_price": 6.320235633781853e-08,
    "amount": 126577.55918528978,
    "entry_time": 758541.555685041,
    "entry_tx": "5za1UwApUaLNFNYzpKXtojN7TxsVmSAzS185ZydCPJtzPfxoW7oHeZkGzLMmqQf96pRgLrLbffrNUoRqrQiivFs8",
    "timestamp": "2025-05-14T18:04:47.244045"
  },
  {
    "token_symbol": "\u308b\u732b\u5f71",
    "token_address": "21sPak3u7u4Pa3QW9zsj93EaGzxwX7nCWp8JYEiPpump",
    "entry_price": 3.1771765434197827e-08,
    "amount": 251795.891436021,
    "entry_time": 758572.475629916,
    "entry_tx": "2ipJzVtYFfpM85oqUQGCuAv8Wz5cHib95PsHTG18Wtc8jiDo9QrGmDwyNQ5zswQSLcAaehXFWY8HJfe7JgKQLCjC",
    "timestamp": "2025-05-14T18:05:18.164596"
  },
  {
    "token_symbol": "sexcycle",
    "token_address": "6syxyXc7GkCBpfdEAmx7oHoT6xtH3c1d4aYkumzSpump",
    "entry_price": 4.212261581095021e-08,
    "amount": 189921.7284108058,
    "entry_time": 758612.457637291,
    "entry_tx": "3BbNqgn6vASEynTVqQG7yxN9d8E4dGQifz7e9iwXKxYHRcYjnx4gvkL5yNPBkhWRkESsJ2kcWm69uDjwq3PeNHTB",
    "timestamp": "2025-05-14T18:05:58.147421"
  },
  {
    "token_symbol": "SP500",
    "token_address": "6xZgynok8qZonEJRTRapT4NT4VoFkN2nBMWddjQzpump",
    "entry_price": 3.857778826661055e-08,
    "amount": 207373.21550712327,
    "entry_time": 758619.491412625,
    "entry_tx": "4EBCaUWTo1KJHKDbRwsEXNRjVePcfSs9aGcNMXggTfeWw9fdiyp1qC2ozVSCjhSJPPX4osbE6DtL4NGimyK3CHfT",
    "timestamp": "2025-05-14T18:06:05.181362"
  },
  {
    "token_symbol": "GOODTIME",
    "token_address": "2vv83xKDtBuSvyiwdeZR9XtZ7vmiX6NUBPyyVYSqpump",
    "entry_price": 7.895994853892133e-08,
    "amount": 101317.18862578286,
    "entry_time": 758629.118878625,
    "entry_tx": "4TBVQytSzmwuvNYEz8AiUuM55AmeHMVbpmgrutbumbZjuYREPD4TMeawsX1m2PYEqshMj55H8bi3uVTMeiWGug8C",
    "timestamp": "2025-05-14T18:06:14.809074"
  },
  {
    "token_symbol": "DTACOIN",
    "token_address": "3vQYWaSnFmUpzDVrkmJeqbHhDB2kkgJjMBoTwVz6pump",
    "entry_price": 3.320252840630386e-08,
    "amount": 240945.50577904523,
    "entry_time": 758645.05178125,
    "entry_tx": "4scJvRM9q8yK3WkV23cDirpVR8UGnMkc2KfAji5mMFs4idjVYMZ7wtKGozLfqqLSFhXYq419SKy3aFf8x6dgUnbV",
    "timestamp": "2025-05-14T18:06:30.742276"
  },
  {
    "token_symbol": "ASSBUCKS",
    "token_address": "7TsvDgqmNy5xB9Uem5ZYwCMtbRHVBGCmEopY83c5pump",
    "entry_price": 3.383038210624416e-08,
    "amount": 236473.82920110208,
    "entry_time": 758687.757094375,
    "entry_tx": "3kQxJXakhmFZQN9CdD7L3nzZUF8ojKZbrBNTh6UAjiik3eiEVN7toQdt18CaCfZfcS8uN3TWc4DZRBSCDn5kEJrJ",
    "timestamp": "2025-05-14T18:07:13.448442"
  },
  {
    "token_symbol": "booby",
    "token_address": "D4S2xVk4mjYi9fHqxxUERLCUiusxGJwd54vH5h2bpump",
    "entry_price": 3.938539414177339e-08,
    "amount": 203120.98366218834,
    "entry_time": 768485.918531916,
    "entry_tx": "3kdp4AqckiRqghP1N7sQCFNFCA4pavxwjGvBznytRjvuoehMcBbGP95ot8heooqDenKpRLdseMTjMjJ69uPNMpKd",
    "timestamp": "2025-05-14T20:50:31.370030"
  },
  {
    "token_symbol": "TAB",
    "token_address": "52RLR185D1mi4eFMEtoAZNHCdKbs6P8Yo3379HCrpump",
    "entry_price": 3.456655932171464e-08,
    "amount": 231437.555746962,
    "entry_time": 768541.066992791,
    "entry_tx": "3TEwiHLRdxVxSoJGk4W81gQB7BjzSqmRZbHtY7QSsnuyzy9je8uuywKSYV65YnJyWx2iavZbejAVxMhJDXhwpBeC",
    "timestamp": "2025-05-14T20:51:26.550312"
  },
  {
    "token_symbol": "han",
    "token_address": "5dE1pr6HbaUpFMQEp9LBX3Dr36M8tnbvXv2HXZjHpump",
    "entry_price": 3.0438595875184245e-08,
    "amount": 262824.21281206934,
    "entry_time": 776884.252931833,
    "entry_tx": "4uKjfQSmpyu97EngqsMYdphQeujZEdNhxBZg3Q2YomZkRyqm1iDgQkrQ2qv2fFFTSm6TuoU14XNNBEn4x1LcQcuo",
    "timestamp": "2025-05-14T23:10:29.783757"
  },
  {
    "token_symbol": "FRANK",
    "token_address": "Ex7UgKdvVqBbnNJ18tNcuptH8MAi4tmCB2Aq6NVmpump",
    "entry_price": 7.561598033413282e-08,
    "amount": 105797.74228475917,
    "entry_time": 776894.208413333,
    "entry_tx": "36djeBQppNNG4q1iZwwyKKW2jf4UDc2i3mrmrXqr4wrRPhTnpcsRSammi4sqYSBBmNdzfqujrFpmAwNdg4Gqa1Z6",
    "timestamp": "2025-05-14T23:10:39.739166"
  },
  {
    "token_symbol": "Rust",
    "token_address": "7Lmwmj3fT8DfcxL3Gw46dZ9ZQrnPuC328R3ua5zgpump",
    "entry_price": 3.557443051969885e-08,
    "amount": 224880.62024127448,
    "entry_time": 776950.025632,
    "entry_tx": "2YLfBoPMohCsvPDnMJWrTKfyhzWpS8XTFXb4M56a6N9Sdakjovob9ESkZ8Lm16yDVVdTf3NPYVtvPtZpXg3V1fue",
    "timestamp": "2025-05-14T23:11:35.556436"
  },
  {
    "token_symbol": "Rust",
    "token_address": "36H2Jd26KbFWXK2NvZYg9sdBccyJNC5iMGxWmeQcpump",
    "entry_price": 3.5566021710682784e-08,
    "amount": 224933.78835218676,
    "entry_time": 777018.691591083,
    "entry_tx": "3dHnHcJvx4k4KQxReM9ntgBdiU4ZpswvprDU2ttghENEshGE4RTGifNmhGCKojSS36imfKXTGqQMgPaiBUhePCE5",
    "timestamp": "2025-05-14T23:12:44.222156"
  },
  {
    "token_symbol": "SANDY POON",
    "token_address": "FT69TumKGAwUjMpdQZdzAsnKYfyWmFyuy6AFiMrSpump",
    "entry_price": 3.6034527178618095e-08,
    "amount": 222009.2957053418,
    "entry_time": 777025.76768975,
    "entry_tx": "2PnqENvziCa4fFRaq8bJcC9JuHLMqbmafeEDihAB11ygFKDDW2gTDYXoaLsjVk5VbaEkPCym7pe97B5AbxtgSh7R",
    "timestamp": "2025-05-14T23:12:51.298205"
  },
  {
    "token_symbol": "SP",
    "token_address": "3gFnYmvwaQBZXDTgK9FhprSXjrWY2eUruFbJgyVYqiCw",
    "entry_price": 1.747437138175785e-07,
    "amount": 45781.33213050227,
    "entry_time": 777031.507770083,
    "entry_tx": "4upc1epWqm67mKKNZVjisHtEa1iEth6FkfNKjegyphE3fBRTWvtGFE6tGkUJUKnA4y3yDMqhV3C2k14QfSa7RKiy",
    "timestamp": "2025-05-14T23:12:57.038263"
  },
  {
    "token_symbol": "LINDO",
    "token_address": "2Aw1oDR6xkuj6JHav4FQUaAR9cfuRUjp2E3cbvg6pump",
    "entry_price": 3.060767039636747e-08,
    "amount": 261372.39118170334,
    "entry_time": 777776.703931583,
    "entry_tx": "5C3X6vrudTRzxaywUrzEGYaXcNi2Jop54Yu55qF3B3ZTLZuc346kc4KkJ3eiQnBCZFTBttnXC3HSrGhAfv8dq5mU",
    "timestamp": "2025-05-14T23:25:22.233138"
  },
  {
    "token_symbol": "YAPTRUMP",
    "token_address": "biCxFa5zxqNZSNdCTqZPD2eW8Fbchb7Cfe2SeUCpump",
    "entry_price": 2.2713009947128568e-07,
    "amount": 35222.10406556608,
    "entry_time": 777884.293600291,
    "entry_tx": "R3d2GzxZbUow8tcuri9b2csFe1DiB2C5ZeYrGF3P73TWYKQWZgEPMYxWeKcXMK987hHcx6NqJ844Mco4VQJjCcE",
    "timestamp": "2025-05-14T23:27:09.822628"
  },
  {
    "token_symbol": "THEO",
    "token_address": "49DT4fvJxpS1Sg57wc2NU3xtzmhFVPfQHdY5P2cGpump",
    "entry_price": 3.666100070874233e-08,
    "amount": 218215.5381833941,
    "entry_time": 777890.289797958,
    "entry_tx": "3owp9hm3iYYwSnauDMpm7dTA1bBWXBgkh5AMbpiuw1rhwxmdbNyruasPgRb3eMBhr91uwynNKLzETMKjwmCVSr3i",
    "timestamp": "2025-05-14T23:27:15.818825"
  },
  {
    "token_symbol": "HBEE",
    "token_address": "FdskpNoXg7pxh12Ad75TmXXWgkQs82oLGE9NhuZNpump",
    "entry_price": 4.05473836572503e-08,
    "amount": 197300.0297041241,
    "entry_time": 777930.40719075,
    "entry_tx": "59m4P1GZNxk3rboakkLAeXX8AX543B9c9NyTSHMgfcZ2fdVoHdN2Rd2q7hYwD9XbwtFztZ2PhW3tkHwzDPKcieeR",
    "timestamp": "2025-05-14T23:27:55.936125"
  },
  {
    "token_symbol": "Zikin",
    "token_address": "4SuJXBrWjHC7xKDwXGNS4ihfTQpzRthvojTNoiYxpump",
    "entry_price": 3.5911773842808325e-08,
    "amount": 222768.1660899654,
    "entry_time": 778091.805199583,
    "entry_tx": "41wpWM4NTahUzzoYwQ6v95aK2Qie88SzG6CEnhwxXfhF5YqEdypkDLeEbtKW7oTPY8TqwJ47idfnZg2KGbMPH6Xo",
    "timestamp": "2025-05-14T23:30:37.333828"
  },
  {
    "token_symbol": "WIZZY",
    "token_address": "SzTgxRG3552A96V5mcCdwti4YqjyFxfxRMZWDWEpump",
    "entry_price": 6.913668226627137e-08,
    "amount": 115712.81319501261,
    "entry_time": 778193.338605583,
    "entry_tx": "56ceBr1eti21RzzLwubW6XpQRh29E3B7vya4kjYGqUZsz63UxX11YgqwVHndEKmX7SUptxS4jhqmjyH9pWcrB6vB",
    "timestamp": "2025-05-14T23:32:18.866996"
  },
  {
    "token_symbol": "ZiK",
    "token_address": "CEkWeRUTi3tgLHrd7ka1LhoNSn5Htwkfgxm5Zgtbpump",
    "entry_price": 5.107607134053223e-08,
    "amount": 156629.11790264247,
    "entry_time": 778269.665748,
    "entry_tx": "2DRqxoLSqsumX2U76fUpDrSfCYDRuBQffrPuCHUAyK58J9JEMhFBBnuiQjdgcqsCpBMHsPm7iomueCwDuMx71T8F",
    "timestamp": "2025-05-14T23:33:35.143151"
  },
  {
    "token_symbol": "Cortex",
    "token_address": "AVJ7J2EfWsmwFnMtw48ebAcHwLv8NBw9xT6LBBzUpump",
    "entry_price": 3.841629473024617e-08,
    "amount": 208244.96626170946,
    "entry_time": 778315.954479708,
    "entry_tx": "3wqcHWQWNuTzK6JZh6Q9iLdehpKW7pvA6uJ4sG2QUSD2vei6ChRYCggTrj91GG8DFGNj45oG8ujyDPJDMuQSEZGm",
    "timestamp": "2025-05-14T23:34:21.431335"
  },
  {
    "token_symbol": "AZFLINSAID",
    "token_address": "5RdBqQ8QQ34oLtCeUw3CuTvZETcqMwE97D4NYuWYpump",
    "entry_price": 3.5828160892380424e-08,
    "amount": 223288.04495520063,
    "entry_time": 778337.878903083,
    "entry_tx": "2rMUixafMW3MDjmrDnRtgUrELCGFRdrEP1Ppq9t3oKLcvfDJP9Z2CTSFMPZXkEFvRJZSR92fv6pE65uJipX3dyQk",
    "timestamp": "2025-05-14T23:34:43.355482"
  },
  {
    "token_symbol": "ZIKIN",
    "token_address": "6MnNb3qkKJFHJFFgUjYz8sJBKYbZfRhNLMLqw8c4pump",
    "entry_price": 5.488020586727724e-08,
    "amount": 145772.0479283053,
    "entry_time": 778435.190954166,
    "entry_tx": "2TAiexS1Cq2qW4ovEM84KeUpies9m4e1VAo1ctJkdDfp9ku7xcWWdcyy3UeqyXxqf3ZoGzgskXuknPXv3ENLEBJv",
    "timestamp": "2025-05-14T23:36:20.666342"
  },
  {
    "token_symbol": "plate",
    "token_address": "At8DkifxiSnG1eKwGoUpEKtHeZnmUDSEFCHoPPeqpump",
    "entry_price": 4.612948044471344e-08,
    "amount": 173424.88844174313,
    "entry_time": 778447.250477625,
    "entry_tx": "5bS7DasztZvNNpRGCbbsmsyhAom5fo7whaMTC2XVvtjtaB1Axykbf7xdZQLXT9bzrUuj4uAjxzQCuWZRbsamvNuW",
    "timestamp": "2025-05-14T23:36:32.725754"
  },
  {
    "token_symbol": "No Info",
    "token_address": "Bxs9nTt48PjPuSbBp4aoPvrVS5dS3qXD8KVF56vpump",
    "entry_price": 4.521479498410232e-08,
    "amount": 176933.2361854749,
    "entry_time": 778539.295728416,
    "entry_tx": "RQLGpibLUkLPNyfohp6LCCjWvb7qxpZ3oax7GoEAw5bkxmMCZPdED8EJa4pV4QcXMEJPrSDZ2Qi2TaDqGRgDHHM",
    "timestamp": "2025-05-14T23:38:04.769797"
  },
  {
    "token_symbol": "FartSpray",
    "token_address": "EDyDXjiUY9qHsjFP5aAiuSfusLQNMWRmToHkV5wnpump",
    "entry_price": 3.615276126752871e-08,
    "amount": 221283.23590002937,
    "entry_time": 778546.455791,
    "entry_tx": "5Ge16fLsYKBpQfck1j1nfxLPTVTP7yoavbM16kZSEj23CzXf4PaMKpTgraGyUdhT6sgoeJVtRXhmCGZ1sjsMWTDV",
    "timestamp": "2025-05-14T23:38:11.929966"
  },
  {
    "token_symbol": "\u6843\u97ff",
    "token_address": "3j4BY8urSHVA61xFaW62p7U3fzpYf4dTkkzSCK69pump",
    "entry_price": 3.6335507921714804e-08,
    "amount": 220170.3088129682,
    "entry_time": 778577.321533166,
    "entry_tx": "58rv2nLeqYY62nRWkuqgq8wAftrevafTbZhkaokSV5yrcVatK74Tj2i6GCSarU5gfjdjn8JmXbwTeG9qYQXk52W1",
    "timestamp": "2025-05-14T23:38:42.795124"
  }
]